event_id	tf_name	peak_id	gene	context	atac_coef	atac_se	atac_pval	atac_fdr	atac_direction	rna_coef	rna_se	rna_pval	rna_fdr	rna_direction	rna_after_atac_coef	rna_after_atac_se	rna_after_atac_pval	rna_after_atac_fdr	state	state_confidence	quality_score	artifact_risk	artifact_reason	event_pval	event_fdr
BCL11B:chr1:1060000_chr1:1307786-1308731_distal_250kb		chr1:1307786-1308731	BCL11B:chr1:1060000		1.4929075886611107	0.5011409745848798	0.008422987777361491	0.024925852220150254	1	-0.005227032830850131	0.5030459811610195	0.9918304842286767	0.9999455679334293	-1	-0.504033964959608	1.0777263417755967	0.6400115147634071	0.9998219912180941	chromatin_primed	1.0	0.8714449842953518	low		0.008422987777361491	0.025350739912447205
ATF7IP:chr1:1065000_chr1:1307786-1308731_distal_250kb		chr1:1307786-1308731	ATF7IP:chr1:1065000		1.4929075886611107	0.5011409745848798	0.008422987777361491	0.024925852220150254	1	0.033770268527222924	0.5036711538675649	0.9473255409436516	0.9999455679334293	1	-0.2209183032853792	1.0832558604925808	0.8384010334485191	0.9998219912180941	chromatin_primed	1.0	0.8714449842953518	low		0.008422987777361491	0.025350739912447205
QKI:chr1:1070000_chr1:1307786-1308731_distal_250kb		chr1:1307786-1308731	QKI:chr1:1070000		1.4929075886611107	0.5011409745848798	0.008422987777361491	0.024925852220150254	1	0.021097745049700745	0.5031619794474733	0.9670427820007732	0.9999455679334293	1	0.35595465965072814	1.0793156463296543	0.741553636172302	0.9998219912180941	chromatin_primed	1.0	0.8714449842953518	low		0.008422987777361491	0.025350739912447205
FLNA:chr1:1075000_chr1:1307786-1308731_distal_250kb		chr1:1307786-1308731	FLNA:chr1:1075000		1.4929075886611107	0.5011409745848798	0.008422987777361491	0.024925852220150254	1	0.11119252237272703	0.5034536719598965	0.8278326785932364	0.9999455679334293	1	0.43806704567770804	1.0819317312058256	0.6855558506399455	0.9998219912180941	chromatin_primed	1.0	0.8714449842953518	low		0.008422987777361491	0.025350739912447205
PKN2:chr1:1080000_chr1:1307786-1308731_distal_250kb		chr1:1307786-1308731	PKN2:chr1:1080000		1.4929075886611107	0.5011409745848798	0.008422987777361491	0.024925852220150254	1	-0.02199729320092353	0.5035495647320525	0.9656649381324431	0.9999455679334293	-1	0.118116609625879	1.0828553565157444	0.9131399554399753	0.9998219912180941	chromatin_primed	1.0	0.8714449842953518	low		0.008422987777361491	0.025350739912447205
CAP1:chr1:1085000_chr1:1307786-1308731_distal_250kb		chr1:1307786-1308731	CAP1:chr1:1085000		1.4929075886611107	0.5011409745848798	0.008422987777361491	0.024925852220150254	1	-0.034124903756380554	0.5035939598471838	0.946765130269686	0.9999455679334293	-1	0.09173239645966458	1.0832953688322762	0.9325165710720754	0.9998219912180941	chromatin_primed	1.0	0.8714449842953518	low		0.008422987777361491	0.025350739912447205
SEPTIN9:chr1:1090000_chr1:1307786-1308731_distal_250kb		chr1:1307786-1308731	SEPTIN9:chr1:1090000		1.4929075886611107	0.5011409745848798	0.008422987777361491	0.024925852220150254	1	-0.06893907251957404	0.5036828050234416	0.8927414316991722	0.9999455679334293	-1	-0.1479207752248417	1.0839042587790448	0.8914494758776569	0.9998219912180941	chromatin_primed	1.0	0.8714449842953518	low		0.008422987777361491	0.025350739912447205
CEP85L:chr1:1095000_chr1:1307786-1308731_distal_250kb		chr1:1307786-1308731	CEP85L:chr1:1095000		1.4929075886611107	0.5011409745848798	0.008422987777361491	0.024925852220150254	1	-0.0684758319558127	0.5035333447925948	0.893426042002105	0.9999455679334293	-1	-0.28414134387919865	1.0823614345004955	0.7929206962655738	0.9998219912180941	chromatin_primed	1.0	0.8714449842953518	low		0.008422987777361491	0.025350739912447205
CHD1:chr1:1100000_chr1:1307786-1308731_distal_250kb		chr1:1307786-1308731	CHD1:chr1:1100000		1.4929075886611107	0.5011409745848798	0.008422987777361491	0.024925852220150254	1	0.014259651142999652	0.5034819584313329	0.9777351095728974	0.9999455679334293	1	0.0848281026444162	1.0819759233266264	0.9375089984923455	0.9998219912180941	chromatin_primed	1.0	0.8714449842953518	low		0.008422987777361491	0.025350739912447205
TNRC6A:chr1:1105000_chr1:1307786-1308731_distal_250kb		chr1:1307786-1308731	TNRC6A:chr1:1105000		1.4929075886611107	0.5011409745848798	0.008422987777361491	0.024925852220150254	1	0.03257210027658647	0.5036498430614845	0.9491894754841245	0.9999455679334293	1	0.11332431966617218	1.083493117876881	0.9166998504363116	0.9998219912180941	chromatin_primed	1.0	0.8714449842953518	low		0.008422987777361491	0.025350739912447205
FOXO1:chr1:1110000_chr1:1307786-1308731_distal_250kb		chr1:1307786-1308731	FOXO1:chr1:1110000		1.4929075886611107	0.5011409745848798	0.008422987777361491	0.024925852220150254	1	-0.13109296825511502	0.5034925121649062	0.7977079447966113	0.9999455679334293	-1	-0.4023725897384862	1.0821408779573596	0.7100193246217159	0.9998219912180941	chromatin_primed	1.0	0.8714449842953518	low		0.008422987777361491	0.025350739912447205
DDX21:chr1:1115000_chr1:1307786-1308731_distal_250kb		chr1:1307786-1308731	DDX21:chr1:1115000		1.4929075886611107	0.5011409745848798	0.008422987777361491	0.024925852220150254	1	-0.03461797587992094	0.5035740533149756	0.9459950789344641	0.9999455679334293	-1	0.13156227287705935	1.0831835964181278	0.9033275778272609	0.9998219912180941	chromatin_primed	1.0	0.8714449842953518	low		0.008422987777361491	0.025350739912447205
TAPBP:chr1:1120000_chr1:1307786-1308731_distal_250kb		chr1:1307786-1308731	TAPBP:chr1:1120000		1.4929075886611107	0.5011409745848798	0.008422987777361491	0.024925852220150254	1	0.025281815106961203	0.5036694863953107	0.9605518538052238	0.9999455679334293	1	0.07565222832105567	1.083650248992882	0.9443429747855848	0.9998219912180941	chromatin_primed	1.0	0.8714449842953518	low		0.008422987777361491	0.025350739912447205
ATG7:chr1:1125000_chr1:1307786-1308731_distal_250kb		chr1:1307786-1308731	ATG7:chr1:1125000		1.4929075886611107	0.5011409745848798	0.008422987777361491	0.024925852220150254	1	-0.06350516940362261	0.503177899573995	0.9010477857644159	0.9999455679334293	-1	0.132068291708622	1.0794362068947454	0.9026223693861223	0.9998219912180941	chromatin_primed	1.0	0.8714449842953518	low		0.008422987777361491	0.025350739912447205
MCL1:chr1:1130000_chr1:1307786-1308731_distal_250kb		chr1:1307786-1308731	MCL1:chr1:1130000		1.4929075886611107	0.5011409745848798	0.008422987777361491	0.024925852220150254	1	0.16343604790964028	0.5034871991500832	0.7494379112559347	0.9999455679334293	1	0.37823448892295364	1.0818237667409885	0.726618859720033	0.9998219912180941	chromatin_primed	1.0	0.8714449842953518	low		0.008422987777361491	0.025350739912447205
EIF3A:chr1:1135000_chr1:1307786-1308731_distal_250kb		chr1:1307786-1308731	EIF3A:chr1:1135000		1.4929075886611107	0.5011409745848798	0.008422987777361491	0.024925852220150254	1	0.02776925170174782	0.503637665109838	0.9566718558505884	0.9999455679334293	1	0.16247944251928326	1.0835051264025302	0.8807983481540592	0.9998219912180941	chromatin_primed	1.0	0.8714449842953518	low		0.008422987777361491	0.025350739912447205
MEF2A:chr1:1140000_chr1:1307786-1308731_distal_250kb		chr1:1307786-1308731	MEF2A:chr1:1140000		1.4929075886611107	0.5011409745848798	0.008422987777361491	0.024925852220150254	1	0.008950032972389277	0.5033547378890533	0.9860207686955564	0.9999455679334293	1	0.20736059298190335	1.080994154481922	0.8478800923091931	0.9998219912180941	chromatin_primed	1.0	0.8714449842953518	low		0.008422987777361491	0.025350739912447205
ACTR3:chr1:1145000_chr1:1307786-1308731_distal_250kb		chr1:1307786-1308731	ACTR3:chr1:1145000		1.4929075886611107	0.5011409745848798	0.008422987777361491	0.024925852220150254	1	0.048857070216991205	0.5035483204255329	0.9238407908899907	0.9999455679334293	1	0.09580854364274183	1.0824462922116698	0.929470439219012	0.9998219912180941	chromatin_primed	1.0	0.8714449842953518	low		0.008422987777361491	0.025350739912447205
PUM1:chr1:1150000_chr1:1307786-1308731_distal_250kb		chr1:1307786-1308731	PUM1:chr1:1150000		1.4929075886611107	0.5011409745848798	0.008422987777361491	0.024925852220150254	1	0.08686312959973541	0.5037253018404207	0.8651267751398801	0.9999455679334293	1	-0.13280662757121475	1.083573354278556	0.9024526972983977	0.9998219912180941	chromatin_primed	1.0	0.8714449842953518	low		0.008422987777361491	0.025350739912447205
PIK3CD:chr1:1155000_chr1:1307786-1308731_distal_250kb		chr1:1307786-1308731	PIK3CD:chr1:1155000		1.4929075886611107	0.5011409745848798	0.008422987777361491	0.024925852220150254	1	-0.08945514088458506	0.5035775616214806	0.8611057515460985	0.9999455679334293	-1	-0.28233710487464436	1.0828604732386145	0.7942986684603222	0.9998219912180941	chromatin_primed	1.0	0.8714449842953518	low		0.008422987777361491	0.025350739912447205
TPM3:chr1:1160000_chr1:1307786-1308731_distal_250kb		chr1:1307786-1308731	TPM3:chr1:1160000		1.4929075886611107	0.5011409745848798	0.008422987777361491	0.024925852220150254	1	0.016295342148491654	0.5034948842679466	0.974558354475656	0.9999455679334293	1	0.3645475453222906	1.0826823466876003	0.7363372146788696	0.9998219912180941	chromatin_primed	1.0	0.8714449842953518	low		0.008422987777361491	0.025350739912447205
ZNF638:chr1:1165000_chr1:1307786-1308731_distal_250kb		chr1:1307786-1308731	ZNF638:chr1:1165000		1.4929075886611107	0.5011409745848798	0.008422987777361491	0.024925852220150254	1	-0.04910780738540188	0.5036531351548623	0.9234671212175656	0.9999455679334293	-1	-0.32448868493551175	1.0833603513163017	0.7645428970379657	0.9998219912180941	chromatin_primed	1.0	0.8714449842953518	low		0.008422987777361491	0.025350739912447205
ITFG1:chr1:1170000_chr1:1307786-1308731_distal_250kb		chr1:1307786-1308731	ITFG1:chr1:1170000		1.4929075886611107	0.5011409745848798	0.008422987777361491	0.024925852220150254	1	0.13542002814246767	0.5034027056422655	0.7911600978502775	0.9999455679334293	1	0.33678826318965616	1.0811101892324928	0.7554047665326435	0.9998219912180941	chromatin_primed	1.0	0.8714449842953518	low		0.008422987777361491	0.025350739912447205
RAP1A:chr1:1175000_chr1:1307786-1308731_distal_250kb		chr1:1307786-1308731	RAP1A:chr1:1175000		1.4929075886611107	0.5011409745848798	0.008422987777361491	0.024925852220150254	1	-0.030859996903728926	0.5034978123024691	0.9518421018370824	0.9999455679334293	-1	0.08886463446875781	1.0823469028173485	0.9345642883086057	0.9998219912180941	chromatin_primed	1.0	0.8714449842953518	low		0.008422987777361491	0.025350739912447205
WASF2:chr1:1180000_chr1:1307786-1308731_distal_250kb		chr1:1307786-1308731	WASF2:chr1:1180000		1.4929075886611107	0.5011409745848798	0.008422987777361491	0.024925852220150254	1	0.02378704214133548	0.503561046055551	0.9628743231666986	0.9999455679334293	1	-0.03565535812059517	1.0824906944528565	0.9737238236113323	0.9998219912180941	chromatin_primed	1.0	0.8714449842953518	low		0.008422987777361491	0.025350739912447205
ADK:chr1:1185000_chr1:1307786-1308731_distal_250kb		chr1:1307786-1308731	ADK:chr1:1185000		1.4929075886611107	0.5011409745848798	0.008422987777361491	0.024925852220150254	1	-0.03503949784476201	0.5033376455798672	0.9453129804293657	0.9999455679334293	-1	-0.20277895648627098	1.0805162227861382	0.8511364539356815	0.9998219912180941	chromatin_primed	1.0	0.8714449842953518	low		0.008422987777361491	0.025350739912447205
RBM6:chr1:1190000_chr1:1307786-1308731_distal_250kb		chr1:1307786-1308731	RBM6:chr1:1190000		1.4929075886611107	0.5011409745848798	0.008422987777361491	0.024925852220150254	1	0.01222753111433561	0.5035160115116332	0.9809086190897642	0.9999455679334293	1	0.018464282597053794	1.0822038393043614	0.986387360001955	0.9998219912180941	chromatin_primed	1.0	0.8714449842953518	low		0.008422987777361491	0.025350739912447205
BAZ1A:chr1:1195000_chr1:1307786-1308731_distal_250kb		chr1:1307786-1308731	BAZ1A:chr1:1195000		1.4929075886611107	0.5011409745848798	0.008422987777361491	0.024925852220150254	1	0.09057861156367775	0.503465598825828	0.8593501394671165	0.9999455679334293	1	0.07117348487525521	1.0814791926727059	0.9475281087585796	0.9998219912180941	chromatin_primed	1.0	0.8714449842953518	low		0.008422987777361491	0.025350739912447205
ITPR2:chr1:1200000_chr1:1307786-1308731_distal_250kb		chr1:1307786-1308731	ITPR2:chr1:1200000		1.4929075886611107	0.5011409745848798	0.008422987777361491	0.024925852220150254	1	0.10936369801328949	0.5034817664163848	0.830626512807972	0.9999455679334293	1	0.10967740607245324	1.0815933167797924	0.9192301155046912	0.9998219912180941	chromatin_primed	1.0	0.8714449842953518	low		0.008422987777361491	0.025350739912447205
ARPC3:chr1:1205000_chr1:1307786-1308731_distal_250kb		chr1:1307786-1308731	ARPC3:chr1:1205000		1.4929075886611107	0.5011409745848798	0.008422987777361491	0.024925852220150254	1	0.003202536113234511	0.5035487801510333	0.9949995805758072	0.9999455679334293	1	0.24574702509800206	1.0829938633143537	0.820490216636131	0.9998219912180941	chromatin_primed	1.0	0.8714449842953518	low		0.008422987777361491	0.025350739912447205
PCM1:chr1:1210000_chr1:1307786-1308731_distal_250kb		chr1:1307786-1308731	PCM1:chr1:1210000		1.4929075886611107	0.5011409745848798	0.008422987777361491	0.024925852220150254	1	-0.00404832577293085	0.5036292238668232	0.9936800066028151	0.9999455679334293	-1	-0.05992680139203088	1.0832137859173974	0.9558810174381192	0.9998219912180941	chromatin_primed	1.0	0.8714449842953518	low		0.008422987777361491	0.025350739912447205
MAP3K1:chr1:1215000_chr1:1307786-1308731_distal_250kb		chr1:1307786-1308731	MAP3K1:chr1:1215000		1.4929075886611107	0.5011409745848798	0.008422987777361491	0.024925852220150254	1	0.0040877871227937845	0.503411058513162	0.9936156378782599	0.9999455679334293	1	0.09801890495095789	1.081379074743456	0.9277766591992761	0.9998219912180941	chromatin_primed	1.0	0.8714449842953518	low		0.008422987777361491	0.025350739912447205
SEPTIN6:chr1:1220000_chr1:1307786-1308731_distal_250kb		chr1:1307786-1308731	SEPTIN6:chr1:1220000		1.4929075886611107	0.5011409745848798	0.008422987777361491	0.024925852220150254	1	-0.20656089319562027	0.5035135362189107	0.6867544130550445	0.9999455679334293	-1	-0.6527143576522432	1.0824864172381248	0.5465240236645477	0.9998219912180941	chromatin_primed	1.0	0.8714449842953518	low		0.008422987777361491	0.025350739912447205
KLF12:chr1:1225000_chr1:1307786-1308731_distal_250kb		chr1:1307786-1308731	KLF12:chr1:1225000		1.4929075886611107	0.5011409745848798	0.008422987777361491	0.024925852220150254	1	-0.1936546401538256	0.5032736008788571	0.7051644401663243	0.9999455679334293	-1	-0.5493469586025981	1.080181732194648	0.6110543528354726	0.9998219912180941	chromatin_primed	1.0	0.8714449842953518	low		0.008422987777361491	0.025350739912447205
HLA-F:chr1:1230000_chr1:1307786-1308731_distal_250kb		chr1:1307786-1308731	HLA-F:chr1:1230000		1.4929075886611107	0.5011409745848798	0.008422987777361491	0.024925852220150254	1	-0.07665792538325877	0.5036917419193627	0.8808270406129579	0.9999455679334293	-1	-0.11843849850187183	1.0840720697493775	0.9130015512816412	0.9998219912180941	chromatin_primed	1.0	0.8714449842953518	low		0.008422987777361491	0.025350739912447205
PAG1:chr1:1235000_chr1:1307786-1308731_distal_250kb		chr1:1307786-1308731	PAG1:chr1:1235000		1.4929075886611107	0.5011409745848798	0.008422987777361491	0.024925852220150254	1	-0.08971716599281099	0.5034659967725352	0.8606729155697713	0.9999455679334293	-1	-0.29437598355426764	1.081808872048078	0.7855339073195886	0.9998219912180941	chromatin_primed	1.0	0.8714449842953518	low		0.008422987777361491	0.025350739912447205
TRAPPC9:chr1:1240000_chr1:1307786-1308731_distal_250kb		chr1:1307786-1308731	TRAPPC9:chr1:1240000		1.4929075886611107	0.5011409745848798	0.008422987777361491	0.024925852220150254	1	0.07233616786293218	0.5034549498642695	0.88744296079891	0.9999455679334293	1	0.0072494927831210365	1.081382634229779	0.9946510930950107	0.9998219912180941	chromatin_primed	1.0	0.8714449842953518	low		0.008422987777361491	0.025350739912447205
STAG2:chr1:1245000_chr1:1307786-1308731_distal_250kb		chr1:1307786-1308731	STAG2:chr1:1245000		1.4929075886611107	0.5011409745848798	0.008422987777361491	0.024925852220150254	1	0.008324240924057202	0.5036725197830824	0.9870063101163182	0.9999455679334293	1	0.049250671614952335	1.0837226367329171	0.9637519539243833	0.9998219912180941	chromatin_primed	1.0	0.8714449842953518	low		0.008422987777361491	0.025350739912447205
ST6GAL1:chr1:1250000_chr1:1307786-1308731_distal_250kb		chr1:1307786-1308731	ST6GAL1:chr1:1250000		1.4929075886611107	0.5011409745848798	0.008422987777361491	0.024925852220150254	1	-0.17559716496249256	0.5033975811042326	0.7315043716419427	0.9999455679334293	-1	-0.4378642033707498	1.0813585494357096	0.6855359770851729	0.9998219912180941	chromatin_primed	1.0	0.8714449842953518	low		0.008422987777361491	0.025350739912447205
HLA-DRA:chr1:1255000_chr1:1307786-1308731_distal_250kb		chr1:1307786-1308731	HLA-DRA:chr1:1255000		1.4929075886611107	0.5011409745848798	0.008422987777361491	0.024925852220150254	1	0.09241506361076535	0.5028984067797698	0.8563719903621025	0.9999455679334293	1	0.12682290138929453	1.0764256163726345	0.9062114340257106	0.9998219912180941	chromatin_primed	1.0	0.8714449842953518	low		0.008422987777361491	0.025350739912447205
KTN1:chr1:1260000_chr1:1307786-1308731_distal_250kb		chr1:1307786-1308731	KTN1:chr1:1260000		1.4929075886611107	0.5011409745848798	0.008422987777361491	0.024925852220150254	1	-0.058463668573757954	0.5036178501483096	0.9089436165141206	0.9999455679334293	-1	-0.18002942781782694	1.0832065487934155	0.8679991966313255	0.9998219912180941	chromatin_primed	1.0	0.8714449842953518	low		0.008422987777361491	0.025350739912447205
EMP3:chr1:1265000_chr1:1307786-1308731_distal_250kb		chr1:1307786-1308731	EMP3:chr1:1265000		1.4929075886611107	0.5011409745848798	0.008422987777361491	0.024925852220150254	1	-0.01052289641898324	0.5035994917478377	0.9835724197556788	0.9999455679334293	-1	0.2924770373831458	1.0837316857207422	0.7872529077659834	0.9998219912180941	chromatin_primed	1.0	0.8714449842953518	low		0.008422987777361491	0.025350739912447205
UVRAG:chr1:1270000_chr1:1307786-1308731_distal_250kb		chr1:1307786-1308731	UVRAG:chr1:1270000		1.4929075886611107	0.5011409745848798	0.008422987777361491	0.024925852220150254	1	-0.037434916575874555	0.50332954310073	0.9415805102873578	0.9999455679334293	-1	-0.21359616375650337	1.0804447326743454	0.8432854093257457	0.9998219912180941	chromatin_primed	1.0	0.8714449842953518	low		0.008422987777361491	0.025350739912447205
CCNY:chr1:1275000_chr1:1307786-1308731_distal_250kb		chr1:1307786-1308731	CCNY:chr1:1275000		1.4929075886611107	0.5011409745848798	0.008422987777361491	0.024925852220150254	1	0.05503075760421594	0.5034318215986662	0.9142355969528624	0.9999455679334293	1	0.1722364094885489	1.0814609092084955	0.8734618883928998	0.9998219912180941	chromatin_primed	1.0	0.8714449842953518	low		0.008422987777361491	0.025350739912447205
NFKB1:chr1:1280000_chr1:1307786-1308731_distal_250kb		chr1:1307786-1308731	NFKB1:chr1:1280000		1.4929075886611107	0.5011409745848798	0.008422987777361491	0.024925852220150254	1	0.008459727329079292	0.5035793702055699	0.9867924016731562	0.9999455679334293	1	0.09337704062527141	1.082928995135193	0.9312864653060897	0.9998219912180941	chromatin_primed	1.0	0.8714449842953518	low		0.008422987777361491	0.025350739912447205
FOSB:chr1:1285000_chr1:1307786-1308731_distal_250kb		chr1:1307786-1308731	FOSB:chr1:1285000		1.4929075886611107	0.5011409745848798	0.008422987777361491	0.024925852220150254	1	-0.030725187372022345	0.5031491244009133	0.9520190143376864	0.9999455679334293	-1	0.2104423492988614	1.0791503997142808	0.8453871286199145	0.9998219912180941	chromatin_primed	1.0	0.8714449842953518	low		0.008422987777361491	0.025350739912447205
PRMT2:chr1:1290000_chr1:1307786-1308731_distal_250kb		chr1:1307786-1308731	PRMT2:chr1:1290000		1.4929075886611107	0.5011409745848798	0.008422987777361491	0.024925852220150254	1	-0.030320127616681902	0.5035749622965798	0.952690735788736	0.9999455679334293	-1	-0.05639285911134717	1.08283957126767	0.9584659981642296	0.9998219912180941	chromatin_primed	1.0	0.8714449842953518	low		0.008422987777361491	0.025350739912447205
ANXA1:chr1:1295000_chr1:1307786-1308731_distal_250kb		chr1:1307786-1308731	ANXA1:chr1:1295000		1.4929075886611107	0.5011409745848798	0.008422987777361491	0.024925852220150254	1	0.17423311852499868	0.5029110977434729	0.7332562713286029	0.9999455679334293	1	0.8135822512060058	1.0769750003047758	0.4499893327622746	0.9998219912180941	chromatin_primed	1.0	0.8714449842953518	low		0.008422987777361491	0.025350739912447205
USP25:chr1:1300000_chr1:1307786-1308731_distal_250kb		chr1:1307786-1308731	USP25:chr1:1300000		1.4929075886611107	0.5011409745848798	0.008422987777361491	0.024925852220150254	1	0.06753353665204037	0.5034665863497377	0.8948694092532592	0.9999455679334293	1	0.3171292661925864	1.0820048538452167	0.7694502070419251	0.9998219912180941	chromatin_primed	1.0	0.8714449842953518	low		0.008422987777361491	0.025350739912447205
ARHGAP25:chr1:1305000_chr1:1307786-1308731_distal_250kb		chr1:1307786-1308731	ARHGAP25:chr1:1305000		1.4929075886611107	0.5011409745848798	0.008422987777361491	0.024925852220150254	1	1.747133916676403	0.5032013612296563	0.0029155125414537615	0.5787152782889806	1	1.8043236666668763	1.0765127608586536	0.09372213099079063	0.9998219912180941	chromatin_primed	1.0	0.8714449842953518	low		0.008422987777361491	0.025350739912447205
RAPGEF6:chr1:1310000_chr1:1307786-1308731_promoter		chr1:1307786-1308731	RAPGEF6:chr1:1310000		1.4929075886611107	0.5011409745848798	0.008422987777361491	0.024925852220150254	1	0.0047122943941886875	0.5035177712792955	0.9926418617270572	0.9999455679334293	1	-0.3661129272118573	1.0819152915635686	0.7350667936536999	0.9998219912180941	chromatin_primed	1.0	0.8714449842953518	low		0.008422987777361491	0.025350739912447205
CUX1:chr1:1315000_chr1:1307786-1308731_distal_250kb		chr1:1307786-1308731	CUX1:chr1:1315000		1.4929075886611107	0.5011409745848798	0.008422987777361491	0.024925852220150254	1	0.12996875895720483	0.5033109352731803	0.7993315516412443	0.9999455679334293	1	0.09857338635576207	1.0799931462307657	0.927276280530694	0.9998219912180941	chromatin_primed	1.0	0.8714449842953518	low		0.008422987777361491	0.025350739912447205
SMG1:chr1:1320000_chr1:1307786-1308731_distal_250kb		chr1:1307786-1308731	SMG1:chr1:1320000		1.4929075886611107	0.5011409745848798	0.008422987777361491	0.024925852220150254	1	0.07460619284418318	0.5036627355206457	0.8839851082028715	0.9999455679334293	1	-0.1312918461828223	1.0830758132716602	0.9035157622672108	0.9998219912180941	chromatin_primed	1.0	0.8714449842953518	low		0.008422987777361491	0.025350739912447205
GNAI2:chr1:1325000_chr1:1307786-1308731_distal_250kb		chr1:1307786-1308731	GNAI2:chr1:1325000		1.4929075886611107	0.5011409745848798	0.008422987777361491	0.024925852220150254	1	0.2075146932380788	0.5034489697062955	0.6853539599025398	0.9999455679334293	1	0.4649120059394882	1.0814333077141924	0.6672658111622525	0.9998219912180941	chromatin_primed	1.0	0.8714449842953518	low		0.008422987777361491	0.025350739912447205
JARID2:chr1:1330000_chr1:1307786-1308731_distal_250kb		chr1:1307786-1308731	JARID2:chr1:1330000		1.4929075886611107	0.5011409745848798	0.008422987777361491	0.024925852220150254	1	-0.0029431919807040297	0.5033106828193352	0.9954023398243392	0.9999455679334293	-1	0.27094262243913936	1.0807359700832473	0.8020445477122179	0.9998219912180941	chromatin_primed	1.0	0.8714449842953518	low		0.008422987777361491	0.025350739912447205
DOCK11:chr1:1335000_chr1:1307786-1308731_distal_250kb		chr1:1307786-1308731	DOCK11:chr1:1335000		1.4929075886611107	0.5011409745848798	0.008422987777361491	0.024925852220150254	1	0.01197899481512743	0.5035245816629643	0.9812969096799731	0.9999455679334293	1	0.16555040756625372	1.0825342811306056	0.878454614066287	0.9998219912180941	chromatin_primed	1.0	0.8714449842953518	low		0.008422987777361491	0.025350739912447205
AP3B1:chr1:1340000_chr1:1307786-1308731_distal_250kb		chr1:1307786-1308731	AP3B1:chr1:1340000		1.4929075886611107	0.5011409745848798	0.008422987777361491	0.024925852220150254	1	0.04190233121275633	0.5035392584803279	0.9346521206751455	0.9999455679334293	1	0.24518618358637267	1.0826648133867565	0.820839421347813	0.9998219912180941	chromatin_primed	1.0	0.8714449842953518	low		0.008422987777361491	0.025350739912447205
TMA7:chr1:1345000_chr1:1307786-1308731_distal_250kb		chr1:1307786-1308731	TMA7:chr1:1345000		1.4929075886611107	0.5011409745848798	0.008422987777361491	0.024925852220150254	1	-0.0449236400961765	0.5036155580362135	0.9299636594573631	0.9999455679334293	-1	-0.0008696660478180185	1.0833810463199125	0.9993595115583352	0.9998219912180941	chromatin_primed	1.0	0.8714449842953518	low		0.008422987777361491	0.025350739912447205
WAC:chr1:1350000_chr1:1307786-1308731_distal_250kb		chr1:1307786-1308731	WAC:chr1:1350000		1.4929075886611107	0.5011409745848798	0.008422987777361491	0.024925852220150254	1	0.06443565669346973	0.5035564824391285	0.8996812726249068	0.9999455679334293	1	0.026296901118570526	1.082349007931557	0.9806163934628118	0.9998219912180941	chromatin_primed	1.0	0.8714449842953518	low		0.008422987777361491	0.025350739912447205
AHNAK:chr1:1355000_chr1:1307786-1308731_distal_250kb		chr1:1307786-1308731	AHNAK:chr1:1355000		1.4929075886611107	0.5011409745848798	0.008422987777361491	0.024925852220150254	1	0.03527408347715366	0.5032512923169203	0.944938058611112	0.9999455679334293	1	0.481871001605751	1.0804140751037519	0.655593017735395	0.9998219912180941	chromatin_primed	1.0	0.8714449842953518	low		0.008422987777361491	0.025350739912447205
PRKCA:chr1:1360000_chr1:1307786-1308731_distal_250kb		chr1:1307786-1308731	PRKCA:chr1:1360000		1.4929075886611107	0.5011409745848798	0.008422987777361491	0.024925852220150254	1	-0.056380581932112595	0.5032109220274882	0.912102703758064	0.9999455679334293	-1	-0.3183281704091845	1.0793434685738172	0.7680491933735608	0.9998219912180941	chromatin_primed	1.0	0.8714449842953518	low		0.008422987777361491	0.025350739912447205
PCNX1:chr1:1365000_chr1:1307786-1308731_distal_250kb		chr1:1307786-1308731	PCNX1:chr1:1365000		1.4929075886611107	0.5011409745848798	0.008422987777361491	0.024925852220150254	1	-0.0006451229853090545	0.5035878426480562	0.9989927803289643	0.9999455679334293	-1	-0.2406128480023615	1.0826354344335807	0.8241213416873108	0.9998219912180941	chromatin_primed	1.0	0.8714449842953518	low		0.008422987777361491	0.025350739912447205
CAMK2D:chr1:1370000_chr1:1307786-1308731_distal_250kb		chr1:1307786-1308731	CAMK2D:chr1:1370000		1.4929075886611107	0.5011409745848798	0.008422987777361491	0.024925852220150254	1	0.14677611752059583	0.5032257746574167	0.7740677163901031	0.9999455679334293	1	0.34793800712012524	1.0794629549425718	0.747206418369444	0.9998219912180941	chromatin_primed	1.0	0.8714449842953518	low		0.008422987777361491	0.025350739912447205
CAMK2D:chr1:1370000_chr1:1615081-1615893_distal_250kb		chr1:1615081-1615893	CAMK2D:chr1:1370000		0.017608873446493756	0.5013045079937095	0.9723883438463526	0.9723883438463526	1	0.14677611752059583	0.5032257746574167	0.7740677163901031	0.9999455679334293	1	0.15881916214852987	0.5436280364451093	0.7701744263522675	0.9998219912180941	null	1.0	0.8714449842953518	low		1.0	1.0
NLRC5:chr1:1375000_chr1:1307786-1308731_distal_250kb		chr1:1307786-1308731	NLRC5:chr1:1375000		1.4929075886611107	0.5011409745848798	0.008422987777361491	0.024925852220150254	1	0.0648649181471716	0.5035658159098152	0.8990187133653585	0.9999455679334293	1	-0.07537968907884873	1.0823126199116428	0.9444747286068991	0.9998219912180941	chromatin_primed	1.0	0.8714449842953518	low		0.008422987777361491	0.025350739912447205
NLRC5:chr1:1375000_chr1:1615081-1615893_distal_250kb		chr1:1615081-1615893	NLRC5:chr1:1375000		0.017608873446493756	0.5013045079937095	0.9723883438463526	0.9723883438463526	1	0.0648649181471716	0.5035658159098152	0.8990187133653585	0.9999455679334293	1	0.06389671729860869	0.5453708429887303	0.9067317101864302	0.9998219912180941	null	1.0	0.8714449842953518	low		1.0	1.0
CREBBP:chr1:1380000_chr1:1307786-1308731_distal_250kb		chr1:1307786-1308731	CREBBP:chr1:1380000		1.4929075886611107	0.5011409745848798	0.008422987777361491	0.024925852220150254	1	-0.07030877249303397	0.5035513670752423	0.8905964990406731	0.9999455679334293	-1	-0.17192039991592556	1.0826521694962952	0.8738299161941077	0.9998219912180941	chromatin_primed	1.0	0.8714449842953518	low		0.008422987777361491	0.025350739912447205
CREBBP:chr1:1380000_chr1:1615081-1615893_distal_250kb		chr1:1615081-1615893	CREBBP:chr1:1380000		0.017608873446493756	0.5013045079937095	0.9723883438463526	0.9723883438463526	1	-0.07030877249303397	0.5035513670752423	0.8905964990406731	0.9999455679334293	-1	-0.06265832730149629	0.5453059282035528	0.9085204951497615	0.9998219912180941	null	1.0	0.8714449842953518	low		1.0	1.0
SIPA1L1:chr1:1385000_chr1:1307786-1308731_distal_250kb		chr1:1307786-1308731	SIPA1L1:chr1:1385000		1.4929075886611107	0.5011409745848798	0.008422987777361491	0.024925852220150254	1	0.23331286901435	0.5031307604122086	0.6487291169351241	0.9999455679334293	1	0.661585000349787	1.0787366384606676	0.5396805550767266	0.9998219912180941	chromatin_primed	1.0	0.8714449842953518	low		0.008422987777361491	0.025350739912447205
SIPA1L1:chr1:1385000_chr1:1615081-1615893_distal_250kb		chr1:1615081-1615893	SIPA1L1:chr1:1385000		0.017608873446493756	0.5013045079937095	0.9723883438463526	0.9723883438463526	1	0.23331286901435	0.5031307604122086	0.6487291169351241	0.9999455679334293	1	0.31082009503070707	0.5430865815663777	0.5671042264911149	0.9998219912180941	null	1.0	0.8714449842953518	low		1.0	1.0
WSB1:chr1:1390000_chr1:1307786-1308731_distal_250kb		chr1:1307786-1308731	WSB1:chr1:1390000		1.4929075886611107	0.5011409745848798	0.008422987777361491	0.024925852220150254	1	-0.027067982848692662	0.5033516890997048	0.9577409396120935	0.9999455679334293	-1	-0.05780887426236747	1.080743416944793	0.9573415652560796	0.9998219912180941	chromatin_primed	1.0	0.8714449842953518	low		0.008422987777361491	0.025350739912447205
WSB1:chr1:1390000_chr1:1615081-1615893_distal_250kb		chr1:1615081-1615893	WSB1:chr1:1390000		0.017608873446493756	0.5013045079937095	0.9723883438463526	0.9723883438463526	1	-0.027067982848692662	0.5033516890997048	0.9577409396120935	0.9999455679334293	-1	0.0034233907204469505	0.5442553447191578	0.9949813031393652	0.9998219912180941	null	1.0	0.8714449842953518	low		1.0	1.0
DYRK1A:chr1:1395000_chr1:1307786-1308731_distal_250kb		chr1:1307786-1308731	DYRK1A:chr1:1395000		1.4929075886611107	0.5011409745848798	0.008422987777361491	0.024925852220150254	1	-0.04697069427742445	0.5036088966832735	0.9267808886729446	0.9999455679334293	-1	-0.0892792787472465	1.0831895005375336	0.9343106768680021	0.9998219912180941	chromatin_primed	1.0	0.8714449842953518	low		0.008422987777361491	0.025350739912447205
DYRK1A:chr1:1395000_chr1:1615081-1615893_distal_250kb		chr1:1615081-1615893	DYRK1A:chr1:1395000		0.017608873446493756	0.5013045079937095	0.9723883438463526	0.9723883438463526	1	-0.04697069427742445	0.5036088966832735	0.9267808886729446	0.9999455679334293	-1	-0.06334998416368004	0.5456500629052295	0.907573271588268	0.9998219912180941	null	1.0	0.8714449842953518	low		1.0	1.0
PARP14:chr1:1400000_chr1:1307786-1308731_distal_250kb		chr1:1307786-1308731	PARP14:chr1:1400000		1.4929075886611107	0.5011409745848798	0.008422987777361491	0.024925852220150254	1	0.09838893531421888	0.5031879269834095	0.8472951575648127	0.9999455679334293	1	0.35135464652909887	1.0792823869482904	0.7447688676943378	0.9998219912180941	chromatin_primed	1.0	0.8714449842953518	low		0.008422987777361491	0.025350739912447205
PARP14:chr1:1400000_chr1:1615081-1615893_distal_250kb		chr1:1615081-1615893	PARP14:chr1:1400000		0.017608873446493756	0.5013045079937095	0.9723883438463526	0.9723883438463526	1	0.09838893531421888	0.5031879269834095	0.8472951575648127	0.9999455679334293	1	0.13578776196811082	0.5434183901247284	0.8026824634813001	0.9998219912180941	null	1.0	0.8714449842953518	low		1.0	1.0
IFI16:chr1:1405000_chr1:1307786-1308731_distal_250kb		chr1:1307786-1308731	IFI16:chr1:1405000		1.4929075886611107	0.5011409745848798	0.008422987777361491	0.024925852220150254	1	-0.004418452042009968	0.5035393574823139	0.9931009726110334	0.9999455679334293	-1	0.15501290018170488	1.0827459466074247	0.8861587209225454	0.9998219912180941	chromatin_primed	1.0	0.8714449842953518	low		0.008422987777361491	0.025350739912447205
IFI16:chr1:1405000_chr1:1615081-1615893_distal_250kb		chr1:1615081-1615893	IFI16:chr1:1405000		0.017608873446493756	0.5013045079937095	0.9723883438463526	0.9723883438463526	1	-0.004418452042009968	0.5035393574823139	0.9931009726110334	0.9999455679334293	-1	0.041566974164364556	0.5451468347541275	0.9392208929920144	0.9998219912180941	null	1.0	0.8714449842953518	low		1.0	1.0
GLS:chr1:1410000_chr1:1307786-1308731_distal_250kb		chr1:1307786-1308731	GLS:chr1:1410000		1.4929075886611107	0.5011409745848798	0.008422987777361491	0.024925852220150254	1	-0.027398422093963037	0.5036053076438135	0.9572471063254926	0.9999455679334293	-1	-0.026878773791164434	1.0831530437849612	0.9802022827161381	0.9998219912180941	chromatin_primed	1.0	0.8714449842953518	low		0.008422987777361491	0.025350739912447205
GLS:chr1:1410000_chr1:1615081-1615893_distal_250kb		chr1:1615081-1615893	GLS:chr1:1410000		0.017608873446493756	0.5013045079937095	0.9723883438463526	0.9723883438463526	1	-0.027398422093963037	0.5036053076438135	0.9572471063254926	0.9999455679334293	-1	-0.018102530012803653	0.545564324796455	0.973530015490555	0.9998219912180941	null	1.0	0.8714449842953518	low		1.0	1.0
AGTPBP1:chr1:1415000_chr1:1307786-1308731_distal_250kb		chr1:1307786-1308731	AGTPBP1:chr1:1415000		1.4929075886611107	0.5011409745848798	0.008422987777361491	0.024925852220150254	1	0.10072766938947342	0.503216884415252	0.8437245687545143	0.9999455679334293	1	0.5400560365892022	1.0798776552657725	0.616998653813572	0.9998219912180941	chromatin_primed	1.0	0.8714449842953518	low		0.008422987777361491	0.025350739912447205
AGTPBP1:chr1:1415000_chr1:1615081-1615893_distal_250kb		chr1:1615081-1615893	AGTPBP1:chr1:1415000		0.017608873446493756	0.5013045079937095	0.9723883438463526	0.9723883438463526	1	0.10072766938947342	0.503216884415252	0.8437245687545143	0.9999455679334293	1	0.19318894867287761	0.5435062511399453	0.7222529765652599	0.9998219912180941	null	1.0	0.8714449842953518	low		1.0	1.0
SPIDR:chr1:1420000_chr1:1307786-1308731_distal_250kb		chr1:1307786-1308731	SPIDR:chr1:1420000		1.4929075886611107	0.5011409745848798	0.008422987777361491	0.024925852220150254	1	0.002110526914329225	0.5031818215823238	0.9967022202299465	0.9999455679334293	1	0.2750845531423243	1.0794449669227075	0.7988475396829255	0.9998219912180941	chromatin_primed	1.0	0.8714449842953518	low		0.008422987777361491	0.025350739912447205
SPIDR:chr1:1420000_chr1:1615081-1615893_distal_250kb		chr1:1615081-1615893	SPIDR:chr1:1420000		0.017608873446493756	0.5013045079937095	0.9723883438463526	0.9723883438463526	1	0.002110526914329225	0.5031818215823238	0.9967022202299465	0.9999455679334293	1	0.044985178169542395	0.5433913919646881	0.9340217329097315	0.9998219912180941	null	1.0	0.8714449842953518	low		1.0	1.0
FNBP4:chr1:1425000_chr1:1307786-1308731_distal_250kb		chr1:1307786-1308731	FNBP4:chr1:1425000		1.4929075886611107	0.5011409745848798	0.008422987777361491	0.024925852220150254	1	1.5699881451140412	0.5032045834504363	0.006231821471891367	0.5787152782889806	1	1.4049714286612804	1.0766548082650071	0.19191280388878673	0.9998219912180941	chromatin_primed	1.0	0.8714449842953518	low		0.008422987777361491	0.025350739912447205
FNBP4:chr1:1425000_chr1:1615081-1615893_distal_250kb		chr1:1615081-1615893	FNBP4:chr1:1425000		0.017608873446493756	0.5013045079937095	0.9723883438463526	0.9723883438463526	1	1.5699881451140412	0.5032045834504363	0.006231821471891367	0.5787152782889806	1	1.566044002793562	0.5433777586531428	0.00395092109880527	0.5792167444670955	null	1.0	0.8714449842953518	low		1.0	1.0
SLC25A6:chr1:1430000_chr1:1307786-1308731_distal_250kb		chr1:1307786-1308731	SLC25A6:chr1:1430000		1.4929075886611107	0.5011409745848798	0.008422987777361491	0.024925852220150254	1	-0.03933042069619469	0.5035342931772004	0.9386535754043661	0.9999455679334293	-1	0.05226782087492188	1.0826773158523038	0.9614959202146407	0.9998219912180941	chromatin_primed	1.0	0.8714449842953518	low		0.008422987777361491	0.025350739912447205
SLC25A6:chr1:1430000_chr1:1615081-1615893_distal_250kb		chr1:1615081-1615893	SLC25A6:chr1:1430000		0.017608873446493756	0.5013045079937095	0.9723883438463526	0.9723883438463526	1	-0.03933042069619469	0.5035342931772004	0.9386535754043661	0.9999455679334293	-1	-0.0037025595442404247	0.5451483597424926	0.9945809386919486	0.9998219912180941	null	1.0	0.8714449842953518	low		1.0	1.0
CAMK1D:chr1:1435000_chr1:1307786-1308731_distal_250kb		chr1:1307786-1308731	CAMK1D:chr1:1435000		1.4929075886611107	0.5011409745848798	0.008422987777361491	0.024925852220150254	1	0.0034583173526533395	0.5032634612585812	0.9945971504945632	0.9999455679334293	1	0.2579530269408865	1.0802149081176802	0.8112623163957638	0.9998219912180941	chromatin_primed	1.0	0.8714449842953518	low		0.008422987777361491	0.025350739912447205
CAMK1D:chr1:1435000_chr1:1615081-1615893_distal_250kb		chr1:1615081-1615893	CAMK1D:chr1:1435000		0.017608873446493756	0.5013045079937095	0.9723883438463526	0.9723883438463526	1	0.0034583173526533395	0.5032634612585812	0.9945971504945632	0.9999455679334293	1	0.0593512154726763	0.5437773397869033	0.9130865530501849	0.9998219912180941	null	1.0	0.8714449842953518	low		1.0	1.0
CCDC91:chr1:1440000_chr1:1307786-1308731_distal_250kb		chr1:1307786-1308731	CCDC91:chr1:1440000		1.4929075886611107	0.5011409745848798	0.008422987777361491	0.024925852220150254	1	-0.004580394131468046	0.5034690888391847	0.9928471232694095	0.9999455679334293	-1	-0.18108117862937623	1.081627422263758	0.8670431424798699	0.9998219912180941	chromatin_primed	1.0	0.8714449842953518	low		0.008422987777361491	0.025350739912447205
CCDC91:chr1:1440000_chr1:1615081-1615893_distal_250kb		chr1:1615081-1615893	CCDC91:chr1:1440000		0.017608873446493756	0.5013045079937095	0.9723883438463526	0.9723883438463526	1	-0.004580394131468046	0.5034690888391847	0.9928471232694095	0.9999455679334293	-1	0.016556045861739088	0.5448537718493448	0.9757590356793788	0.9998219912180941	null	1.0	0.8714449842953518	low		1.0	1.0
PRPF4B:chr1:1445000_chr1:1307786-1308731_distal_250kb		chr1:1307786-1308731	PRPF4B:chr1:1445000		1.4929075886611107	0.5011409745848798	0.008422987777361491	0.024925852220150254	1	-0.12451343527549946	0.5036814715557392	0.8077090445126787	0.9999455679334293	-1	-0.3738609600398586	1.0839068821435007	0.7301546543593072	0.9998219912180941	chromatin_primed	1.0	0.8714449842953518	low		0.008422987777361491	0.025350739912447205
PRPF4B:chr1:1445000_chr1:1615081-1615893_distal_250kb		chr1:1615081-1615893	PRPF4B:chr1:1445000		0.017608873446493756	0.5013045079937095	0.9723883438463526	0.9723883438463526	1	-0.12451343527549946	0.5036814715557392	0.8077090445126787	0.9999455679334293	-1	-0.15407554799044487	0.5460857996321755	0.7778320904835858	0.9998219912180941	null	1.0	0.8714449842953518	low		1.0	1.0
EPB41:chr1:1450000_chr1:1307786-1308731_distal_250kb		chr1:1307786-1308731	EPB41:chr1:1450000		1.4929075886611107	0.5011409745848798	0.008422987777361491	0.024925852220150254	1	0.010371538591019469	0.5033954255647056	0.983802110307458	0.9999455679334293	1	-0.1957936039806858	1.080897469468983	0.8562578072558997	0.9998219912180941	chromatin_primed	1.0	0.8714449842953518	low		0.008422987777361491	0.025350739912447205
EPB41:chr1:1450000_chr1:1615081-1615893_distal_250kb		chr1:1615081-1615893	EPB41:chr1:1450000		0.017608873446493756	0.5013045079937095	0.9723883438463526	0.9723883438463526	1	0.010371538591019469	0.5033954255647056	0.983802110307458	0.9999455679334293	1	-0.08356408863841003	0.5447767854747403	0.878089604975046	0.9998219912180941	null	1.0	0.8714449842953518	low		1.0	1.0
NDFIP1:chr1:1455000_chr1:1307786-1308731_distal_250kb		chr1:1307786-1308731	NDFIP1:chr1:1455000		1.4929075886611107	0.5011409745848798	0.008422987777361491	0.024925852220150254	1	0.0016632541355711128	0.5033467534387844	0.9974019497340969	0.9999455679334293	1	-0.32467371480307916	1.0804291868625062	0.7637924475920216	0.9998219912180941	chromatin_primed	1.0	0.8714449842953518	low		0.008422987777361491	0.025350739912447205
NDFIP1:chr1:1455000_chr1:1615081-1615893_distal_250kb		chr1:1615081-1615893	NDFIP1:chr1:1455000		0.017608873446493756	0.5013045079937095	0.9723883438463526	0.9723883438463526	1	0.0016632541355711128	0.5033467534387844	0.9974019497340969	0.9999455679334293	1	-0.08699264151573516	0.5444831701603717	0.8730614389394251	0.9998219912180941	null	1.0	0.8714449842953518	low		1.0	1.0
SEPTIN7:chr1:1460000_chr1:1307786-1308731_distal_250kb		chr1:1307786-1308731	SEPTIN7:chr1:1460000		1.4929075886611107	0.5011409745848798	0.008422987777361491	0.024925852220150254	1	0.05565203026952681	0.5036258495290731	0.9133047684520208	0.9999455679334293	1	0.00599365393723561	1.082986115260995	0.9955842282193517	0.9998219912180941	chromatin_primed	1.0	0.8714449842953518	low		0.008422987777361491	0.025350739912447205
SEPTIN7:chr1:1460000_chr1:1615081-1615893_distal_250kb		chr1:1615081-1615893	SEPTIN7:chr1:1460000		0.017608873446493756	0.5013045079937095	0.9723883438463526	0.9723883438463526	1	0.05565203026952681	0.5036258495290731	0.9133047684520208	0.9999455679334293	1	-0.0071042073591420785	0.5458647382090639	0.9896161503773803	0.9998219912180941	null	1.0	0.8714449842953518	low		1.0	1.0
MTDH:chr1:1465000_chr1:1307786-1308731_distal_250kb		chr1:1307786-1308731	MTDH:chr1:1465000		1.4929075886611107	0.5011409745848798	0.008422987777361491	0.024925852220150254	1	0.016734903443425764	0.503485447814764	0.9738718492853181	0.9999455679334293	1	-0.044424402459093626	1.0818244965117898	0.9672446079478778	0.9998219912180941	chromatin_primed	1.0	0.8714449842953518	low		0.008422987777361491	0.025350739912447205
MTDH:chr1:1465000_chr1:1615081-1615893_distal_250kb		chr1:1615081-1615893	MTDH:chr1:1465000		0.017608873446493756	0.5013045079937095	0.9723883438463526	0.9723883438463526	1	0.016734903443425764	0.503485447814764	0.9738718492853181	0.9999455679334293	1	0.038797971949818266	0.5449288376718898	0.943239985379297	0.9998219912180941	null	1.0	0.8714449842953518	low		1.0	1.0
GNAQ:chr1:1470000_chr1:1307786-1308731_distal_250kb		chr1:1307786-1308731	GNAQ:chr1:1470000		1.4929075886611107	0.5011409745848798	0.008422987777361491	0.024925852220150254	1	0.12718261509780393	0.5031069654610105	0.8034585016262337	0.9999455679334293	1	0.4215007403235107	1.0785165193574446	0.6959337763470859	0.9998219912180941	chromatin_primed	1.0	0.8714449842953518	low		0.008422987777361491	0.025350739912447205
GNAQ:chr1:1470000_chr1:1615081-1615893_distal_250kb		chr1:1615081-1615893	GNAQ:chr1:1470000		0.017608873446493756	0.5013045079937095	0.9723883438463526	0.9723883438463526	1	0.12718261509780393	0.5031069654610105	0.8034585016262337	0.9999455679334293	1	0.20742098969633094	0.5429822143779764	0.7024589278657041	0.9998219912180941	null	1.0	0.8714449842953518	low		1.0	1.0
TLE4:chr1:1475000_chr1:1307786-1308731_distal_250kb		chr1:1307786-1308731	TLE4:chr1:1475000		1.4929075886611107	0.5011409745848798	0.008422987777361491	0.024925852220150254	1	0.027596412444919005	0.5034127124173879	0.9569220284195974	0.9999455679334293	1	0.11797645662399692	1.0813221380408788	0.9131200858544324	0.9998219912180941	chromatin_primed	1.0	0.8714449842953518	low		0.008422987777361491	0.025350739912447205
TLE4:chr1:1475000_chr1:1615081-1615893_distal_250kb		chr1:1615081-1615893	TLE4:chr1:1475000		0.017608873446493756	0.5013045079937095	0.9723883438463526	0.9723883438463526	1	0.027596412444919005	0.5034127124173879	0.9569220284195974	0.9999455679334293	1	0.058169641547407835	0.5445488324412243	0.9149304179759985	0.9998219912180941	null	1.0	0.8714449842953518	low		1.0	1.0
CELF1:chr1:1480000_chr1:1307786-1308731_distal_250kb		chr1:1307786-1308731	CELF1:chr1:1480000		1.4929075886611107	0.5011409745848798	0.008422987777361491	0.024925852220150254	1	0.11672149645289176	0.5034986807036359	0.8194446773137336	0.9999455679334293	1	0.27788551897178104	1.0819700542126984	0.7973077624906855	0.9998219912180941	chromatin_primed	1.0	0.8714449842953518	low		0.008422987777361491	0.025350739912447205
CELF1:chr1:1480000_chr1:1615081-1615893_distal_250kb		chr1:1615081-1615893	CELF1:chr1:1480000		0.017608873446493756	0.5013045079937095	0.9723883438463526	0.9723883438463526	1	0.11672149645289176	0.5034986807036359	0.8194446773137336	0.9999455679334293	1	0.14444583665462934	0.544968109302116	0.7909680616731879	0.9998219912180941	null	1.0	0.8714449842953518	low		1.0	1.0
ZCCHC7:chr1:1485000_chr1:1307786-1308731_distal_250kb		chr1:1307786-1308731	ZCCHC7:chr1:1485000		1.4929075886611107	0.5011409745848798	0.008422987777361491	0.024925852220150254	1	-0.055768906449015554	0.5033205292934678	0.9130710105980353	0.9999455679334293	-1	-0.3237577240893814	1.0803474381291767	0.7644218177229649	0.9998219912180941	chromatin_primed	1.0	0.8714449842953518	low		0.008422987777361491	0.025350739912447205
ZCCHC7:chr1:1485000_chr1:1615081-1615893_distal_250kb		chr1:1615081-1615893	ZCCHC7:chr1:1485000		0.017608873446493756	0.5013045079937095	0.9723883438463526	0.9723883438463526	1	-0.055768906449015554	0.5033205292934678	0.9130710105980353	0.9999455679334293	-1	-0.09783875763783467	0.5442391306130787	0.8573318538004857	0.9998219912180941	null	1.0	0.8714449842953518	low		1.0	1.0
PHIP:chr1:1490000_chr1:1307786-1308731_distal_250kb		chr1:1307786-1308731	PHIP:chr1:1490000		1.4929075886611107	0.5011409745848798	0.008422987777361491	0.024925852220150254	1	0.012057299717932624	0.5034806337142071	0.9811730321298657	0.9999455679334293	1	-0.005551192222832402	1.0818463255994588	0.9959058962188173	0.9998219912180941	chromatin_primed	1.0	0.8714449842953518	low		0.008422987777361491	0.025350739912447205
PHIP:chr1:1490000_chr1:1615081-1615893_distal_250kb		chr1:1615081-1615893	PHIP:chr1:1490000		0.017608873446493756	0.5013045079937095	0.9723883438463526	0.9723883438463526	1	0.012057299717932624	0.5034806337142071	0.9811730321298657	0.9999455679334293	1	0.008155496388383754	0.5449602120425243	0.9880598589990499	0.9998219912180941	null	1.0	0.8714449842953518	low		1.0	1.0
GIMAP7:chr1:1495000_chr1:1307786-1308731_distal_250kb		chr1:1307786-1308731	GIMAP7:chr1:1495000		1.4929075886611107	0.5011409745848798	0.008422987777361491	0.024925852220150254	1	-0.02303689975932599	0.5034003364910533	0.9640327605913779	0.9999455679334293	-1	-0.0949757362323258	1.0811386838172081	0.9299975858687324	0.9998219912180941	chromatin_primed	1.0	0.8714449842953518	low		0.008422987777361491	0.025350739912447205
GIMAP7:chr1:1495000_chr1:1615081-1615893_distal_250kb		chr1:1615081-1615893	GIMAP7:chr1:1495000		0.017608873446493756	0.5013045079937095	0.9723883438463526	0.9723883438463526	1	-0.02303689975932599	0.5034003364910533	0.9640327605913779	0.9999455679334293	-1	-0.0926064147365695	0.5447424032247344	0.8650098389782807	0.9998219912180941	null	1.0	0.8714449842953518	low		1.0	1.0
HNRNPK:chr1:1500000_chr1:1307786-1308731_distal_250kb		chr1:1307786-1308731	HNRNPK:chr1:1500000		1.4929075886611107	0.5011409745848798	0.008422987777361491	0.024925852220150254	1	-0.08225398334222483	0.5036444710226254	0.8721942125370974	0.9999455679334293	-1	-0.0017028310709565897	1.0838565826969384	0.9987464558651681	0.9998219912180941	chromatin_primed	1.0	0.8714449842953518	low		0.008422987777361491	0.025350739912447205
HNRNPK:chr1:1500000_chr1:1615081-1615893_distal_250kb		chr1:1615081-1615893	HNRNPK:chr1:1500000		0.017608873446493756	0.5013045079937095	0.9723883438463526	0.9723883438463526	1	-0.08225398334222483	0.5036444710226254	0.8721942125370974	0.9999455679334293	-1	-0.05113834869403466	0.5457137654066083	0.9253402371433403	0.9998219912180941	null	1.0	0.8714449842953518	low		1.0	1.0
RBMS1:chr1:1505000_chr1:1307786-1308731_distal_250kb		chr1:1307786-1308731	RBMS1:chr1:1505000		1.4929075886611107	0.5011409745848798	0.008422987777361491	0.024925852220150254	1	0.06954408180058252	0.5034844842795347	0.8917640840975263	0.9999455679334293	1	0.2872345256105173	1.0820918736513938	0.7906676363142249	0.9998219912180941	chromatin_primed	1.0	0.8714449842953518	low		0.008422987777361491	0.025350739912447205
RBMS1:chr1:1505000_chr1:1615081-1615893_distal_250kb		chr1:1615081-1615893	RBMS1:chr1:1505000		0.017608873446493756	0.5013045079937095	0.9723883438463526	0.9723883438463526	1	0.06954408180058252	0.5034844842795347	0.8917640840975263	0.9999455679334293	1	0.12255639054805795	0.5448667824244556	0.8220344371032259	0.9998219912180941	null	1.0	0.8714449842953518	low		1.0	1.0
MSN:chr1:1510000_chr1:1307786-1308731_distal_250kb		chr1:1307786-1308731	MSN:chr1:1510000		1.4929075886611107	0.5011409745848798	0.008422987777361491	0.024925852220150254	1	-0.0029827294798464576	0.5034930482589591	0.995342265338528	0.9999455679334293	-1	0.19493878342247517	1.0823743917516921	0.8570717739400939	0.9998219912180941	chromatin_primed	1.0	0.8714449842953518	low		0.008422987777361491	0.025350739912447205
MSN:chr1:1510000_chr1:1615081-1615893_distal_250kb		chr1:1615081-1615893	MSN:chr1:1510000		0.017608873446493756	0.5013045079937095	0.9723883438463526	0.9723883438463526	1	-0.0029827294798464576	0.5034930482589591	0.995342265338528	0.9999455679334293	-1	0.0327172470305514	0.5449359592047575	0.9521248114583156	0.9998219912180941	null	1.0	0.8714449842953518	low		1.0	1.0
FRYL:chr1:1515000_chr1:1307786-1308731_distal_250kb		chr1:1307786-1308731	FRYL:chr1:1515000		1.4929075886611107	0.5011409745848798	0.008422987777361491	0.024925852220150254	1	0.011087006710460257	0.5035345681278668	0.9826896873668509	0.9999455679334293	1	0.10691155230876048	1.0825203664277905	0.9213274782781605	0.9998219912180941	chromatin_primed	1.0	0.8714449842953518	low		0.008422987777361491	0.025350739912447205
FRYL:chr1:1515000_chr1:1615081-1615893_distal_250kb		chr1:1615081-1615893	FRYL:chr1:1515000		0.017608873446493756	0.5013045079937095	0.9723883438463526	0.9723883438463526	1	0.011087006710460257	0.5035345681278668	0.9826896873668509	0.9999455679334293	1	0.050028216776469625	0.5451459686052381	0.9268805304128086	0.9998219912180941	null	1.0	0.8714449842953518	low		1.0	1.0
RSRP1:chr1:1520000_chr1:1307786-1308731_distal_250kb		chr1:1307786-1308731	RSRP1:chr1:1520000		1.4929075886611107	0.5011409745848798	0.008422987777361491	0.024925852220150254	1	0.037270435330975404	0.5036069393338216	0.9418686715985081	0.9999455679334293	1	0.09256394908248944	1.083037134200199	0.9318901191144106	0.9998219912180941	chromatin_primed	1.0	0.8714449842953518	low		0.008422987777361491	0.025350739912447205
RSRP1:chr1:1520000_chr1:1615081-1615893_distal_250kb		chr1:1615081-1615893	RSRP1:chr1:1520000		0.017608873446493756	0.5013045079937095	0.9723883438463526	0.9723883438463526	1	0.037270435330975404	0.5036069393338216	0.9418686715985081	0.9999455679334293	1	0.04681926163115124	0.545559847227918	0.9316105047762755	0.9998219912180941	null	1.0	0.8714449842953518	low		1.0	1.0
ATP11B:chr1:1525000_chr1:1307786-1308731_distal_250kb		chr1:1307786-1308731	ATP11B:chr1:1525000		1.4929075886611107	0.5011409745848798	0.008422987777361491	0.024925852220150254	1	3.486210295877701e-05	0.5035653091520721	0.9999455679334293	0.9999455679334293	1	-0.06486869981601662	1.082602427618315	0.9522199670610365	0.9998219912180941	chromatin_primed	1.0	0.8714449842953518	low		0.008422987777361491	0.025350739912447205
ATP11B:chr1:1525000_chr1:1615081-1615893_distal_250kb		chr1:1615081-1615893	ATP11B:chr1:1525000		0.017608873446493756	0.5013045079937095	0.9723883438463526	0.9723883438463526	1	3.486210295877701e-05	0.5035653091520721	0.9999455679334293	0.9999455679334293	1	0.05590510068432519	0.5452637096745602	0.9183371480243199	0.9998219912180941	null	1.0	0.8714449842953518	low		1.0	1.0
PPP6R3:chr1:1530000_chr1:1307786-1308731_distal_250kb		chr1:1307786-1308731	PPP6R3:chr1:1530000		1.4929075886611107	0.5011409745848798	0.008422987777361491	0.024925852220150254	1	0.03495420885972089	0.503548745522611	0.9454686979820166	0.9999455679334293	1	-0.02466472917390239	1.0823453100368488	0.9818192001444549	0.9998219912180941	chromatin_primed	1.0	0.8714449842953518	low		0.008422987777361491	0.025350739912447205
PPP6R3:chr1:1530000_chr1:1615081-1615893_distal_250kb		chr1:1615081-1615893	PPP6R3:chr1:1530000		0.017608873446493756	0.5013045079937095	0.9723883438463526	0.9723883438463526	1	0.03495420885972089	0.503548745522611	0.9454686979820166	0.9999455679334293	1	0.057329969012826554	0.5452429665638334	0.9162601741631501	0.9998219912180941	null	1.0	0.8714449842953518	low		1.0	1.0
CCDC88C:chr1:1535000_chr1:1307786-1308731_distal_250kb		chr1:1307786-1308731	CCDC88C:chr1:1535000		1.4929075886611107	0.5011409745848798	0.008422987777361491	0.024925852220150254	1	0.09431011180039767	0.5035708136629511	0.8536560032488365	0.9999455679334293	1	0.10699717151411892	1.082452017324769	0.9212597234818345	0.9998219912180941	chromatin_primed	1.0	0.8714449842953518	low		0.008422987777361491	0.025350739912447205
CCDC88C:chr1:1535000_chr1:1615081-1615893_distal_250kb		chr1:1615081-1615893	CCDC88C:chr1:1535000		0.017608873446493756	0.5013045079937095	0.9723883438463526	0.9723883438463526	1	0.09431011180039767	0.5035708136629511	0.8536560032488365	0.9999455679334293	1	0.09931867568166813	0.545374382985355	0.8554956142855326	0.9998219912180941	null	1.0	0.8714449842953518	low		1.0	1.0
UBE2D3:chr1:1540000_chr1:1307786-1308731_distal_250kb		chr1:1307786-1308731	UBE2D3:chr1:1540000		1.4929075886611107	0.5011409745848798	0.008422987777361491	0.024925852220150254	1	0.006490664985754513	0.5035218537502144	0.9898652000539212	0.9999455679334293	1	-0.07234008142026593	1.0821657369919713	0.9467031030358978	0.9998219912180941	chromatin_primed	1.0	0.8714449842953518	low		0.008422987777361491	0.025350739912447205
UBE2D3:chr1:1540000_chr1:1615081-1615893_distal_250kb		chr1:1615081-1615893	UBE2D3:chr1:1540000		0.017608873446493756	0.5013045079937095	0.9723883438463526	0.9723883438463526	1	0.006490664985754513	0.5035218537502144	0.9898652000539212	0.9999455679334293	1	0.021201364634582442	0.5451235693174763	0.9689758823300222	0.9998219912180941	null	1.0	0.8714449842953518	low		1.0	1.0
NLRP1:chr1:1545000_chr1:1307786-1308731_distal_250kb		chr1:1307786-1308731	NLRP1:chr1:1545000		1.4929075886611107	0.5011409745848798	0.008422987777361491	0.024925852220150254	1	0.03234457101374466	0.5033728996265082	0.9495161701092238	0.9999455679334293	1	0.02601210521399433	1.0808152535386655	0.980799073991546	0.9998219912180941	chromatin_primed	1.0	0.8714449842953518	low		0.008422987777361491	0.025350739912447205
NLRP1:chr1:1545000_chr1:1615081-1615893_distal_250kb		chr1:1615081-1615893	NLRP1:chr1:1545000		0.017608873446493756	0.5013045079937095	0.9723883438463526	0.9723883438463526	1	0.03234457101374466	0.5033728996265082	0.9495161701092238	0.9999455679334293	1	0.025083735118079153	0.5444186043333564	0.9632509873968842	0.9998219912180941	null	1.0	0.8714449842953518	low		1.0	1.0
FCHSD2:chr1:1550000_chr1:1307786-1308731_distal_250kb		chr1:1307786-1308731	FCHSD2:chr1:1550000		1.4929075886611107	0.5011409745848798	0.008422987777361491	0.024925852220150254	1	-0.015131115875947176	0.5031367899109629	0.9763586311285715	0.9999455679334293	-1	-0.1588556726968826	1.078649356535423	0.8829167288068077	0.9998219912180941	chromatin_primed	1.0	0.8714449842953518	low		0.008422987777361491	0.025350739912447205
FCHSD2:chr1:1550000_chr1:1615081-1615893_distal_250kb		chr1:1615081-1615893	FCHSD2:chr1:1550000		0.017608873446493756	0.5013045079937095	0.9723883438463526	0.9723883438463526	1	-0.015131115875947176	0.5031367899109629	0.9763586311285715	0.9999455679334293	-1	0.009960172495588449	0.5431895501110551	0.9853704428900463	0.9998219912180941	null	1.0	0.8714449842953518	low		1.0	1.0
IL32:chr1:1555000_chr1:1307786-1308731_distal_250kb		chr1:1307786-1308731	IL32:chr1:1555000		1.4929075886611107	0.5011409745848798	0.008422987777361491	0.024925852220150254	1	-0.21258782080286487	0.5030576267942235	0.6778902289577458	0.9999455679334293	-1	-0.3520002214816873	1.078204674221643	0.7440696664894355	0.9998219912180941	chromatin_primed	1.0	0.8714449842953518	low		0.008422987777361491	0.025350739912447205
IL32:chr1:1555000_chr1:1615081-1615893_distal_250kb		chr1:1615081-1615893	IL32:chr1:1555000		0.017608873446493756	0.5013045079937095	0.9723883438463526	0.9723883438463526	1	-0.21258782080286487	0.5030576267942235	0.6778902289577458	0.9999455679334293	-1	-0.2697692483486881	0.5429374864111299	0.6192808588418308	0.9998219912180941	null	1.0	0.8714449842953518	low		1.0	1.0
NCOA3:chr1:1560000_chr1:1615081-1615893_distal_250kb		chr1:1615081-1615893	NCOA3:chr1:1560000		0.017608873446493756	0.5013045079937095	0.9723883438463526	0.9723883438463526	1	0.11910569438699314	0.5033812457751018	0.8157858635917666	0.9999455679334293	1	0.09055552597603722	0.5444856283378388	0.8679099311878069	0.9998219912180941	null	1.0	0.8714449842953518	low		1.0	1.0
ESYT2:chr1:1565000_chr1:1615081-1615893_distal_250kb		chr1:1615081-1615893	ESYT2:chr1:1565000		0.017608873446493756	0.5013045079937095	0.9723883438463526	0.9723883438463526	1	-0.04762802491640411	0.5035112368393938	0.9257450780739398	0.9999455679334293	-1	-0.03700170947979098	0.5450941106325286	0.9458801064090583	0.9998219912180941	null	1.0	0.8714449842953518	low		1.0	1.0
PUM2:chr1:1570000_chr1:1615081-1615893_distal_250kb		chr1:1615081-1615893	PUM2:chr1:1570000		0.017608873446493756	0.5013045079937095	0.9723883438463526	0.9723883438463526	1	0.018620182338886238	0.5036280038617158	0.9709379426686219	0.9999455679334293	1	0.03950320977891819	0.5456422301877575	0.942285462833076	0.9998219912180941	null	1.0	0.8714449842953518	low		1.0	1.0
XRN1:chr1:1575000_chr1:1615081-1615893_distal_250kb		chr1:1615081-1615893	XRN1:chr1:1575000		0.017608873446493756	0.5013045079937095	0.9723883438463526	0.9723883438463526	1	1.5497517240963692	0.5030684943444621	0.0067805353410292	0.5787152782889806	1	1.6100542506036915	0.5427490492094299	0.003012298600273132	0.5792167444670955	null	1.0	0.8714449842953518	low		1.0	1.0
SKAP1:chr1:1580000_chr1:1615081-1615893_distal_250kb		chr1:1615081-1615893	SKAP1:chr1:1580000		0.017608873446493756	0.5013045079937095	0.9723883438463526	0.9723883438463526	1	-0.08085493527829934	0.5030823750398812	0.8742090732674768	0.9999455679334293	-1	-0.21055878014326768	0.5431599836260723	0.6982712295889335	0.9998219912180941	null	1.0	0.8714449842953518	low		1.0	1.0
TTC17:chr1:1585000_chr1:1615081-1615893_distal_250kb		chr1:1615081-1615893	TTC17:chr1:1585000		0.017608873446493756	0.5013045079937095	0.9723883438463526	0.9723883438463526	1	0.06524308870474205	0.5034251202299991	0.8984052297373433	0.9999455679334293	1	0.06761286517157494	0.5446565548389207	0.9012055899638671	0.9998219912180941	null	1.0	0.8714449842953518	low		1.0	1.0
ETV6:chr1:1590000_chr1:1615081-1615893_distal_250kb		chr1:1615081-1615893	ETV6:chr1:1590000		0.017608873446493756	0.5013045079937095	0.9723883438463526	0.9723883438463526	1	0.14148573755584537	0.5030940773767631	0.7819274435982071	0.9999455679334293	1	0.18749938598102456	0.5429415815665527	0.7298388613481729	0.9998219912180941	null	1.0	0.8714449842953518	low		1.0	1.0
STAT3:chr1:1595000_chr1:1615081-1615893_distal_250kb		chr1:1615081-1615893	STAT3:chr1:1595000		0.017608873446493756	0.5013045079937095	0.9723883438463526	0.9723883438463526	1	-0.06038019481754592	0.503583515105028	0.9059671395445709	0.9999455679334293	-1	-0.02589854329235114	0.5454023598342388	0.962126521108138	0.9998219912180941	null	1.0	0.8714449842953518	low		1.0	1.0
ADD3:chr1:1600000_chr1:1615081-1615893_distal_250kb		chr1:1615081-1615893	ADD3:chr1:1600000		0.017608873446493756	0.5013045079937095	0.9723883438463526	0.9723883438463526	1	-0.006267883045702527	0.5035629764485118	0.9902138410670874	0.9999455679334293	-1	0.00894428182012097	0.5453325122233037	0.9869140675464656	0.9998219912180941	null	1.0	0.8714449842953518	low		1.0	1.0
FBXW7:chr1:1605000_chr1:1615081-1615893_distal_250kb		chr1:1615081-1615893	FBXW7:chr1:1605000		0.017608873446493756	0.5013045079937095	0.9723883438463526	0.9723883438463526	1	0.11243106087432375	0.5033059992716946	0.8258980601328019	0.9999455679334293	1	0.17847358238508304	0.543972383385458	0.7428412753488842	0.9998219912180941	null	1.0	0.8714449842953518	low		1.0	1.0
SORL1:chr1:1610000_chr1:1615081-1615893_distal_250kb		chr1:1615081-1615893	SORL1:chr1:1610000		0.017608873446493756	0.5013045079937095	0.9723883438463526	0.9723883438463526	1	-0.10262272192644262	0.5035185652616807	0.8409208862152177	0.9999455679334293	-1	-0.17714378464638703	0.5454163263974113	0.7453427667118786	0.9998219912180941	null	1.0	0.8714449842953518	low		1.0	1.0
DENND4A:chr1:1615000_chr1:1615081-1615893_promoter		chr1:1615081-1615893	DENND4A:chr1:1615000		0.017608873446493756	0.5013045079937095	0.9723883438463526	0.9723883438463526	1	-0.035781274047914924	0.503459610110863	0.9441708173851884	0.9999455679334293	-1	-0.007804931508419488	0.5447935322308903	0.9885695755161675	0.9998219912180941	null	1.0	0.8714449842953518	low		1.0	1.0
KDM4C:chr1:1620000_chr1:1615081-1615893_distal_250kb		chr1:1615081-1615893	KDM4C:chr1:1620000		0.017608873446493756	0.5013045079937095	0.9723883438463526	0.9723883438463526	1	-0.017801968053018313	0.5035623502237779	0.9722108003100339	0.9999455679334293	-1	0.0207969731759321	0.5452746636267347	0.9695757703158507	0.9998219912180941	null	1.0	0.8714449842953518	low		1.0	1.0
FAF1:chr1:1625000_chr1:1615081-1615893_distal_250kb		chr1:1615081-1615893	FAF1:chr1:1625000		0.017608873446493756	0.5013045079937095	0.9723883438463526	0.9723883438463526	1	-0.0020727268286641065	0.5034406480660062	0.9967629490290786	0.9999455679334293	-1	0.035027902788039245	0.5446790739548196	0.9487239881929528	0.9998219912180941	null	1.0	0.8714449842953518	low		1.0	1.0
PPP3CA:chr1:1630000_chr1:1615081-1615893_distal_250kb		chr1:1615081-1615893	PPP3CA:chr1:1630000		0.017608873446493756	0.5013045079937095	0.9723883438463526	0.9723883438463526	1	0.05077178242645597	0.5032963294713371	0.920827115835524	0.9999455679334293	1	0.07515355641328947	0.54398009445827	0.8901179384343869	0.9998219912180941	null	1.0	0.8714449842953518	low		1.0	1.0
LCP2:chr1:1635000_chr1:1615081-1615893_distal_250kb		chr1:1615081-1615893	LCP2:chr1:1635000		0.017608873446493756	0.5013045079937095	0.9723883438463526	0.9723883438463526	1	0.10190972570308376	0.5034627166616927	0.8419929329967294	0.9999455679334293	1	0.11521951888663395	0.5448160659676408	0.8325101344634789	0.9998219912180941	null	1.0	0.8714449842953518	low		1.0	1.0
XRCC5:chr1:1640000_chr1:1615081-1615893_distal_250kb		chr1:1615081-1615893	XRCC5:chr1:1640000		0.017608873446493756	0.5013045079937095	0.9723883438463526	0.9723883438463526	1	-0.05747713477374583	0.5036260602220102	0.9104744746331214	0.9999455679334293	-1	-0.04117540498737421	0.5456560402625389	0.9398484302413973	0.9998219912180941	null	1.0	0.8714449842953518	low		1.0	1.0
RICTOR:chr1:1645000_chr1:1615081-1615893_distal_250kb		chr1:1615081-1615893	RICTOR:chr1:1645000		0.017608873446493756	0.5013045079937095	0.9723883438463526	0.9723883438463526	1	0.0868152490763825	0.5035455604654165	0.8651527292777687	0.9999455679334293	1	0.06943835396707154	0.5452981670125876	0.8986711786403622	0.9998219912180941	null	1.0	0.8714449842953518	low		1.0	1.0
CYTIP:chr1:1650000_chr1:1615081-1615893_distal_250kb		chr1:1615081-1615893	CYTIP:chr1:1650000		0.017608873446493756	0.5013045079937095	0.9723883438463526	0.9723883438463526	1	0.16849469355913543	0.5035672983788341	0.7420180608692803	0.9999455679334293	1	0.204491939155385	0.5452829963539101	0.7076457154436517	0.9998219912180941	null	1.0	0.8714449842953518	low		1.0	1.0
ARL15:chr1:1655000_chr1:1615081-1615893_distal_250kb		chr1:1615081-1615893	ARL15:chr1:1655000		0.017608873446493756	0.5013045079937095	0.9723883438463526	0.9723883438463526	1	0.1350988177414414	0.5032800816520352	0.7915935175674733	0.9999455679334293	1	0.20991335061158578	0.5438320012621074	0.6995045699592952	0.9998219912180941	null	1.0	0.8714449842953518	low		1.0	1.0
ATP2B1:chr1:1660000_chr1:1615081-1615893_distal_250kb		chr1:1615081-1615893	ATP2B1:chr1:1660000		0.017608873446493756	0.5013045079937095	0.9723883438463526	0.9723883438463526	1	0.04138854169198336	0.5031478651145863	0.9354013779931842	0.9999455679334293	1	0.14734801246341778	0.5431685824951669	0.786179596264268	0.9998219912180941	null	1.0	0.8714449842953518	low		1.0	1.0
CDKAL1:chr1:1665000_chr1:1615081-1615893_distal_250kb		chr1:1615081-1615893	CDKAL1:chr1:1665000		0.017608873446493756	0.5013045079937095	0.9723883438463526	0.9723883438463526	1	0.04216056979434091	0.5034317129250667	0.9342363714024353	0.9999455679334293	1	0.0475391257017716	0.544687048445141	0.9304506436338899	0.9998219912180941	null	1.0	0.8714449842953518	low		1.0	1.0
VTI1A:chr1:1670000_chr1:1615081-1615893_distal_250kb		chr1:1615081-1615893	VTI1A:chr1:1670000		0.017608873446493756	0.5013045079937095	0.9723883438463526	0.9723883438463526	1	0.12475568600173315	0.5033619257927999	0.8072232520196474	0.9999455679334293	1	0.19460710974503626	0.5442439395181309	0.7206626510369791	0.9998219912180941	null	1.0	0.8714449842953518	low		1.0	1.0
ANKRD17:chr1:1675000_chr1:1615081-1615893_distal_250kb		chr1:1615081-1615893	ANKRD17:chr1:1675000		0.017608873446493756	0.5013045079937095	0.9723883438463526	0.9723883438463526	1	0.02441658687654713	0.5034169031981018	0.9618816621428393	0.9999455679334293	1	-0.0010727559563539213	0.5446746458356828	0.9984285391870976	0.9998219912180941	null	1.0	0.8714449842953518	low		1.0	1.0
MBD5:chr1:1680000_chr1:1615081-1615893_distal_250kb		chr1:1615081-1615893	MBD5:chr1:1680000		0.017608873446493756	0.5013045079937095	0.9723883438463526	0.9723883438463526	1	-0.06360702897665677	0.5033378853635563	0.9009212875586341	0.9999455679334293	-1	-0.11631054602785806	0.5443518104046581	0.8308059911173666	0.9998219912180941	null	1.0	0.8714449842953518	low		1.0	1.0
SRPK2:chr1:1685000_chr1:1615081-1615893_distal_250kb		chr1:1615081-1615893	SRPK2:chr1:1685000		0.017608873446493756	0.5013045079937095	0.9723883438463526	0.9723883438463526	1	0.04394246590610418	0.5033912147803088	0.9314587170777866	0.9999455679334293	1	0.018258584369945652	0.5445495786135153	0.9732521814339342	0.9998219912180941	null	1.0	0.8714449842953518	low		1.0	1.0
ARHGEF3:chr1:1690000_chr1:1615081-1615893_distal_250kb		chr1:1615081-1615893	ARHGEF3:chr1:1690000		0.017608873446493756	0.5013045079937095	0.9723883438463526	0.9723883438463526	1	-0.041219861178351413	0.5033831425113	0.9356940269048141	0.9999455679334293	-1	-0.18373922090143935	0.5448298569978431	0.7359348792421656	0.9998219912180941	null	1.0	0.8714449842953518	low		1.0	1.0
TOP1:chr1:1695000_chr1:1615081-1615893_distal_250kb		chr1:1615081-1615893	TOP1:chr1:1695000		0.017608873446493756	0.5013045079937095	0.9723883438463526	0.9723883438463526	1	0.09407010338141186	0.5034617529855961	0.8539926328951354	0.9999455679334293	1	0.10837821594241004	0.5448109038524785	0.8423189623384717	0.9998219912180941	null	1.0	0.8714449842953518	low		1.0	1.0
CAST:chr1:1700000_chr1:1615081-1615893_distal_250kb		chr1:1615081-1615893	CAST:chr1:1700000		0.017608873446493756	0.5013045079937095	0.9723883438463526	0.9723883438463526	1	-0.005277965599910228	0.5034178046097446	0.9917569752139899	0.9999455679334293	-1	0.045616602001870066	0.5445441061496005	0.9332390930191035	0.9998219912180941	null	1.0	0.8714449842953518	low		1.0	1.0
PRKCH:chr1:1705000_chr1:1615081-1615893_distal_250kb		chr1:1615081-1615893	PRKCH:chr1:1705000		0.017608873446493756	0.5013045079937095	0.9723883438463526	0.9723883438463526	1	0.00845119346043155	0.5030889100676991	0.9867928619113127	0.9999455679334293	1	-0.12371610597939531	0.543194306493267	0.8198354429494827	0.9998219912180941	null	1.0	0.8714449842953518	low		1.0	1.0
HSPA8:chr1:1710000_chr1:1615081-1615893_distal_250kb		chr1:1615081-1615893	HSPA8:chr1:1710000		0.017608873446493756	0.5013045079937095	0.9723883438463526	0.9723883438463526	1	-0.2235295709452672	0.5034315704830082	0.6626339868215267	0.9999455679334293	-1	-0.23602519110563613	0.5447800296650428	0.6648341671617968	0.9998219912180941	null	1.0	0.8714449842953518	low		1.0	1.0
SF3B1:chr1:1715000_chr1:1615081-1615893_distal_250kb		chr1:1615081-1615893	SF3B1:chr1:1715000		0.017608873446493756	0.5013045079937095	0.9723883438463526	0.9723883438463526	1	-0.024314629770538443	0.5036399735433972	0.9620575017680404	0.9999455679334293	-1	-0.057387240447003385	0.5458646414895815	0.9162719413632974	0.9998219912180941	null	1.0	0.8714449842953518	low		1.0	1.0
GRB2:chr1:1720000_chr1:1615081-1615893_distal_250kb		chr1:1615081-1615893	GRB2:chr1:1720000		0.017608873446493756	0.5013045079937095	0.9723883438463526	0.9723883438463526	1	0.08399217786629509	0.5033577612571148	0.8694459292367738	0.9999455679334293	1	0.1348538110243584	0.5442412171571976	0.8043021816099842	0.9998219912180941	null	1.0	0.8714449842953518	low		1.0	1.0
BBX:chr1:1725000_chr1:1615081-1615893_distal_250kb		chr1:1615081-1615893	BBX:chr1:1725000		0.017608873446493756	0.5013045079937095	0.9723883438463526	0.9723883438463526	1	1.4159875173052585	0.503171227238052	0.011944772614114385	0.5787152782889806	1	1.356969870688303	0.5432415293927823	0.012492698396032927	0.9681841256925519	null	1.0	0.8714449842953518	low		1.0	1.0
SRSF7:chr1:1730000_chr1:1615081-1615893_distal_250kb		chr1:1615081-1615893	SRSF7:chr1:1730000		0.017608873446493756	0.5013045079937095	0.9723883438463526	0.9723883438463526	1	-0.01866643845570415	0.5035091043236516	0.9708589054064445	0.9999455679334293	-1	-0.039515771566459024	0.5451578097789117	0.9422159310567075	0.9998219912180941	null	1.0	0.8714449842953518	low		1.0	1.0
EPC1:chr1:1735000_chr1:1615081-1615893_distal_250kb		chr1:1615081-1615893	EPC1:chr1:1735000		0.017608873446493756	0.5013045079937095	0.9723883438463526	0.9723883438463526	1	0.038837489269080594	0.5035114369942202	0.9394180682228022	0.9999455679334293	1	-0.0009014241300189241	0.5452042683862227	0.9986808025723637	0.9998219912180941	null	1.0	0.8714449842953518	low		1.0	1.0
RNF149:chr1:1740000_chr1:1615081-1615893_distal_250kb		chr1:1615081-1615893	RNF149:chr1:1740000		0.017608873446493756	0.5013045079937095	0.9723883438463526	0.9723883438463526	1	0.07506353137164379	0.5032899881204008	0.883193699407787	0.9999455679334293	1	0.10172895989731712	0.5439416863160786	0.8516435310237666	0.9998219912180941	null	1.0	0.8714449842953518	low		1.0	1.0
SEMA4D:chr1:1745000_chr1:1615081-1615893_distal_250kb		chr1:1615081-1615893	SEMA4D:chr1:1745000		0.017608873446493756	0.5013045079937095	0.9723883438463526	0.9723883438463526	1	0.0053289330082754716	0.5034735567518511	0.9916783000014318	0.9999455679334293	1	-0.055618341734800514	0.5450768511321139	0.9187268186468817	0.9998219912180941	null	1.0	0.8714449842953518	low		1.0	1.0
LINC01578:chr1:1750000_chr1:1615081-1615893_distal_250kb		chr1:1615081-1615893	LINC01578:chr1:1750000		0.017608873446493756	0.5013045079937095	0.9723883438463526	0.9723883438463526	1	-0.08092915892422603	0.5035064848519814	0.8741997370904099	0.9999455679334293	-1	-0.0883348231567852	0.5451178203152532	0.8712686751235288	0.9998219912180941	null	1.0	0.8714449842953518	low		1.0	1.0
YWHAB:chr1:1755000_chr1:1615081-1615893_distal_250kb		chr1:1615081-1615893	YWHAB:chr1:1755000		0.017608873446493756	0.5013045079937095	0.9723883438463526	0.9723883438463526	1	-0.02712383882819458	0.5033924519233158	0.957657250926921	0.9999455679334293	-1	-0.06844665221497159	0.5446028690943309	0.8999838333249202	0.9998219912180941	null	1.0	0.8714449842953518	low		1.0	1.0
GMFG:chr1:1760000_chr1:1615081-1615893_distal_250kb		chr1:1615081-1615893	GMFG:chr1:1760000		0.017608873446493756	0.5013045079937095	0.9723883438463526	0.9723883438463526	1	-0.08309048725653001	0.5035396795260872	0.8708802122455809	0.9999455679334293	-1	-0.09357763153845944	0.5452952209884242	0.8637448392313554	0.9998219912180941	null	1.0	0.8714449842953518	low		1.0	1.0
NCOA1:chr1:1765000_chr1:1615081-1615893_distal_250kb		chr1:1615081-1615893	NCOA1:chr1:1765000		0.017608873446493756	0.5013045079937095	0.9723883438463526	0.9723883438463526	1	0.038529497687695424	0.5033712023089585	0.9398807937347177	0.9999455679334293	1	0.08201696432426453	0.5443189732699113	0.8802296269753469	0.9998219912180941	null	1.0	0.8714449842953518	low		1.0	1.0
INPP5D:chr1:1770000_chr1:1615081-1615893_distal_250kb		chr1:1615081-1615893	INPP5D:chr1:1770000		0.017608873446493756	0.5013045079937095	0.9723883438463526	0.9723883438463526	1	-0.009788379513089418	0.5034429079214182	0.9847141833105282	0.9999455679334293	-1	0.027073523384094744	0.5446942690292763	0.9603582111663533	0.9998219912180941	null	1.0	0.8714449842953518	low		1.0	1.0
TRA2A:chr1:1775000_chr1:1615081-1615893_distal_250kb		chr1:1615081-1615893	TRA2A:chr1:1775000		0.017608873446493756	0.5013045079937095	0.9723883438463526	0.9723883438463526	1	0.10908020483868641	0.5035095293684009	0.8310675030019252	0.9999455679334293	1	0.13773080710400015	0.5450133952395392	0.8004916505077666	0.9998219912180941	null	1.0	0.8714449842953518	low		1.0	1.0
ITGB2:chr1:1780000_chr1:1615081-1615893_distal_250kb		chr1:1615081-1615893	ITGB2:chr1:1780000		0.017608873446493756	0.5013045079937095	0.9723883438463526	0.9723883438463526	1	0.06604399148639795	0.5033623923545344	0.8971528550738914	0.9999455679334293	1	0.11720306705358818	0.5442562591266578	0.8294980569077847	0.9998219912180941	null	1.0	0.8714449842953518	low		1.0	1.0
COG5:chr1:1785000_chr1:1615081-1615893_distal_250kb		chr1:1615081-1615893	COG5:chr1:1785000		0.017608873446493756	0.5013045079937095	0.9723883438463526	0.9723883438463526	1	0.05808952654735433	0.5034523087620844	0.9094939887638331	0.9999455679334293	1	0.06907698362968806	0.5447783274048893	0.8991000153654211	0.9998219912180941	null	1.0	0.8714449842953518	low		1.0	1.0
ARHGAP26:chr1:1790000_chr1:1615081-1615893_distal_250kb		chr1:1615081-1615893	ARHGAP26:chr1:1790000		0.017608873446493756	0.5013045079937095	0.9723883438463526	0.9723883438463526	1	0.1592169684937088	0.5029311162859481	0.7554181020106578	0.9999455679334293	1	0.2654939799936912	0.5421098951954121	0.6243164831688842	0.9998219912180941	null	1.0	0.8714449842953518	low		1.0	1.0
ERBIN:chr1:1795000_chr1:1615081-1615893_distal_250kb		chr1:1615081-1615893	ERBIN:chr1:1795000		0.017608873446493756	0.5013045079937095	0.9723883438463526	0.9723883438463526	1	-0.041941813919469106	0.5034782128573893	0.9345827854549043	0.9999455679334293	-1	-0.038258402517224066	0.5449415570860738	0.9440293547516986	0.9998219912180941	null	1.0	0.8714449842953518	low		1.0	1.0
FLI1:chr1:1800000_chr1:1615081-1615893_distal_250kb		chr1:1615081-1615893	FLI1:chr1:1800000		0.017608873446493756	0.5013045079937095	0.9723883438463526	0.9723883438463526	1	0.061167035042386186	0.5033750149041246	0.9047088313978594	0.9999455679334293	1	0.06315945180477578	0.5444053209976125	0.9076402629297271	0.9998219912180941	null	1.0	0.8714449842953518	low		1.0	1.0
ARGLU1:chr1:1805000_chr1:1615081-1615893_distal_250kb		chr1:1615081-1615893	ARGLU1:chr1:1805000		0.017608873446493756	0.5013045079937095	0.9723883438463526	0.9723883438463526	1	0.008947637302382017	0.5035672159928156	0.9860304063649379	0.9999455679334293	1	0.002014230311311427	0.5454056314788068	0.9970533497981732	0.9998219912180941	null	1.0	0.8714449842953518	low		1.0	1.0
HSP90AB1:chr1:1810000_chr1:1615081-1615893_distal_250kb		chr1:1615081-1615893	HSP90AB1:chr1:1810000		0.017608873446493756	0.5013045079937095	0.9723883438463526	0.9723883438463526	1	-0.1991925968657119	0.5034042323561708	0.6972545619244104	0.9999455679334293	-1	-0.19970566767646813	0.5446045254990347	0.7138439186020942	0.9998219912180941	null	1.0	0.8714449842953518	low		1.0	1.0
RCSD1:chr1:1815000_chr1:1615081-1615893_distal_250kb		chr1:1615081-1615893	RCSD1:chr1:1815000		0.017608873446493756	0.5013045079937095	0.9723883438463526	0.9723883438463526	1	-0.0017543276154469156	0.5034407922698383	0.9972602028285669	0.9999455679334293	-1	-0.022730973994647963	0.5447964123253536	0.9667188845598994	0.9998219912180941	null	1.0	0.8714449842953518	low		1.0	1.0
RPL36AL:chr1:1820000_chr1:1615081-1615893_distal_250kb		chr1:1615081-1615893	RPL36AL:chr1:1820000		0.017608873446493756	0.5013045079937095	0.9723883438463526	0.9723883438463526	1	-0.0315593192864293	0.5035235912759799	0.9507548027746943	0.9999455679334293	-1	-0.10382321515844195	0.5453901395985561	0.8490230915888809	0.9998219912180941	null	1.0	0.8714449842953518	low		1.0	1.0
ANKHD1:chr1:1825000_chr1:1615081-1615893_distal_250kb		chr1:1615081-1615893	ANKHD1:chr1:1825000		0.017608873446493756	0.5013045079937095	0.9723883438463526	0.9723883438463526	1	-0.18002776503310403	0.5035569974039255	0.7251083245735515	0.9999455679334293	-1	-0.24562654645291127	0.5455870940697382	0.6525619590098467	0.9998219912180941	null	1.0	0.8714449842953518	low		1.0	1.0
SAT1:chr1:1830000_chr1:1615081-1615893_distal_250kb		chr1:1615081-1615893	SAT1:chr1:1830000		0.017608873446493756	0.5013045079937095	0.9723883438463526	0.9723883438463526	1	0.06006033035028846	0.5027888191296526	0.9063156774268553	0.9999455679334293	1	0.16131171472410588	0.5414210749340936	0.7657479434394836	0.9998219912180941	null	1.0	0.8714449842953518	low		1.0	1.0
LTB:chr1:1835000_chr1:1615081-1615893_distal_250kb		chr1:1615081-1615893	LTB:chr1:1835000		0.017608873446493756	0.5013045079937095	0.9723883438463526	0.9723883438463526	1	-0.19855960563420105	0.5030383938442116	0.6979573679703048	0.9999455679334293	-1	-0.2672767219733144	0.5428334972273512	0.6224554686644097	0.9998219912180941	null	1.0	0.8714449842953518	low		1.0	1.0
NR3C1:chr1:1840000_chr1:1615081-1615893_distal_250kb		chr1:1615081-1615893	NR3C1:chr1:1840000		0.017608873446493756	0.5013045079937095	0.9723883438463526	0.9723883438463526	1	-0.03366476803317975	0.5033745850323806	0.9474589515080003	0.9999455679334293	-1	-0.023096886264276195	0.5444027039869516	0.9661590183253727	0.9998219912180941	null	1.0	0.8714449842953518	low		1.0	1.0
AC079793.1:chr1:1845000_chr1:1615081-1615893_distal_250kb		chr1:1615081-1615893	AC079793.1:chr1:1845000		0.017608873446493756	0.5013045079937095	0.9723883438463526	0.9723883438463526	1	-0.11038216947080126	0.5032827528654824	0.8290091467391735	0.9999455679334293	-1	-0.15440474270897475	0.5440684088026071	0.77656629107319	0.9998219912180941	null	1.0	0.8714449842953518	low		1.0	1.0
HNRNPU:chr1:1850000_chr1:1615081-1615893_distal_250kb		chr1:1615081-1615893	HNRNPU:chr1:1850000		0.017608873446493756	0.5013045079937095	0.9723883438463526	0.9723883438463526	1	-0.010682407860973075	0.5033540683628116	0.9833153115475333	0.9999455679334293	-1	-0.007586526637097024	0.5443096851628076	0.9888795355690034	0.9998219912180941	null	1.0	0.8714449842953518	low		1.0	1.0
PDE7A:chr1:1855000_chr1:1615081-1615893_distal_250kb		chr1:1615081-1615893	PDE7A:chr1:1855000		0.017608873446493756	0.5013045079937095	0.9723883438463526	0.9723883438463526	1	-0.04620622714027778	0.50329009408166	0.9279235032876466	0.9999455679334293	-1	-0.06292716526916409	0.5440288738150457	0.9079150367516812	0.9998219912180941	null	1.0	0.8714449842953518	low		1.0	1.0
LRBA:chr1:1860000_chr1:1615081-1615893_distal_250kb		chr1:1615081-1615893	LRBA:chr1:1860000		0.017608873446493756	0.5013045079937095	0.9723883438463526	0.9723883438463526	1	-0.019782351397098163	0.5033445189009604	0.9691076284582079	0.9999455679334293	-1	-0.06304596420962977	0.5443586340858698	0.9077976058347967	0.9998219912180941	null	1.0	0.8714449842953518	low		1.0	1.0
PIK3R5:chr1:1865000_chr1:1615081-1615893_distal_250kb		chr1:1615081-1615893	PIK3R5:chr1:1865000		0.017608873446493756	0.5013045079937095	0.9723883438463526	0.9723883438463526	1	0.015976532013843636	0.5033951093818447	0.9750509865401777	0.9999455679334293	1	0.07103178873045235	0.544425194954901	0.8961936671439233	0.9998219912180941	null	1.0	0.8714449842953518	low		1.0	1.0
ACTR2:chr1:1980000_chr1:2227386-2228299_distal_250kb		chr1:2227386-2228299	ACTR2:chr1:1980000		-0.034579983285772053	0.5012475917406646	0.945804288304277	0.9723883438463526	-1	-0.07754724838440219	0.5032984522391964	0.8793625340651634	0.9999455679334293	-1	-0.08241874081595835	0.5169900208054525	0.8733376905724735	0.9998219912180941	null	1.0	0.8714449842953518	low		1.0	1.0
FAM172A:chr1:1985000_chr1:2227386-2228299_distal_250kb		chr1:2227386-2228299	FAM172A:chr1:1985000		-0.034579983285772053	0.5012475917406646	0.945804288304277	0.9723883438463526	-1	0.0663147958301149	0.5033494200160837	0.8967310694629259	0.9999455679334293	1	0.06825290967418796	0.5172154087230038	0.8950141497740726	0.9998219912180941	null	1.0	0.8714449842953518	low		1.0	1.0
BPTF:chr1:1990000_chr1:2227386-2228299_distal_250kb		chr1:2227386-2228299	BPTF:chr1:1990000		-0.034579983285772053	0.5012475917406646	0.945804288304277	0.9723883438463526	-1	0.011511883667963185	0.5033856011500836	0.9820211226628672	0.9999455679334293	1	-0.015377958597794672	0.517426127636582	0.9762902779101532	0.9998219912180941	null	1.0	0.8714449842953518	low		1.0	1.0
ATRX:chr1:1995000_chr1:2227386-2228299_distal_250kb		chr1:2227386-2228299	ATRX:chr1:1995000		-0.034579983285772053	0.5012475917406646	0.945804288304277	0.9723883438463526	-1	-0.03626283318437473	0.5034048376470511	0.943414665854493	0.9999455679334293	-1	-0.04649121015257118	0.5175005022698631	0.9284159505874736	0.9998219912180941	null	1.0	0.8714449842953518	low		1.0	1.0
ROCK1:chr1:2000000_chr1:2227386-2228299_distal_250kb		chr1:2227386-2228299	ROCK1:chr1:2000000		-0.034579983285772053	0.5012475917406646	0.945804288304277	0.9723883438463526	-1	0.06835921010735835	0.5034027302371258	0.8935789450893323	0.9999455679334293	1	0.059655430614794946	0.5174823601513682	0.9082230921185601	0.9998219912180941	null	1.0	0.8714449842953518	low		1.0	1.0
ARPC2:chr1:2005000_chr1:2227386-2228299_distal_250kb		chr1:2227386-2228299	ARPC2:chr1:2005000		-0.034579983285772053	0.5012475917406646	0.945804288304277	0.9723883438463526	-1	-0.03366554175876013	0.5033666887777408	0.9474569229250336	0.9999455679334293	-1	-0.05673127038341985	0.5173402493054164	0.9126794250769253	0.9998219912180941	null	1.0	0.8714449842953518	low		1.0	1.0
SP110:chr1:2010000_chr1:2227386-2228299_distal_250kb		chr1:2227386-2228299	SP110:chr1:2010000		-0.034579983285772053	0.5012475917406646	0.945804288304277	0.9723883438463526	-1	-0.011293040698170498	0.5032974485069008	0.9823597544433613	0.9999455679334293	-1	-0.00025154078406786073	0.5169660524573259	0.999611772380127	0.9998219912180941	null	1.0	0.8714449842953518	low		1.0	1.0
GLG1:chr1:2015000_chr1:2227386-2228299_distal_250kb		chr1:2227386-2228299	GLG1:chr1:2015000		-0.034579983285772053	0.5012475917406646	0.945804288304277	0.9723883438463526	-1	0.016311278818828767	0.5034072274998002	0.9745290492642039	0.9999455679334293	1	-0.027908367644311816	0.5175431754366099	0.9569951464981138	0.9998219912180941	null	1.0	0.8714449842953518	low		1.0	1.0
SF1:chr1:2020000_chr1:2227386-2228299_distal_250kb		chr1:2227386-2228299	SF1:chr1:2020000		-0.034579983285772053	0.5012475917406646	0.945804288304277	0.9723883438463526	-1	0.04345036933582569	0.5035119810858177	0.9322404734295153	0.9999455679334293	1	0.06548102017442192	0.5179770430035257	0.8994019739140259	0.9998219912180941	null	1.0	0.8714449842953518	low		1.0	1.0
PPP2R5C:chr1:2025000_chr1:2227386-2228299_distal_250kb		chr1:2227386-2228299	PPP2R5C:chr1:2025000		-0.034579983285772053	0.5012475917406646	0.945804288304277	0.9723883438463526	-1	-0.13291345106981056	0.503401157432159	0.7949302022937752	0.9999455679334293	-1	-0.17150153057962125	0.5175289479690929	0.74035340159721	0.9998219912180941	null	1.0	0.8714449842953518	low		1.0	1.0
TCF12:chr1:2030000_chr1:2227386-2228299_distal_250kb		chr1:2227386-2228299	TCF12:chr1:2030000		-0.034579983285772053	0.5012475917406646	0.945804288304277	0.9723883438463526	-1	-0.034558989302865495	0.5032718867683343	0.9460546307142423	0.9999455679334293	-1	-0.027641244670726928	0.5168500876187853	0.9573493083159277	0.9998219912180941	null	1.0	0.8714449842953518	low		1.0	1.0
OSBPL8:chr1:2035000_chr1:2227386-2228299_distal_250kb		chr1:2227386-2228299	OSBPL8:chr1:2035000		-0.034579983285772053	0.5012475917406646	0.945804288304277	0.9723883438463526	-1	0.1131160758593619	0.5032535718472584	0.8248380621916152	0.9999455679334293	1	0.10572519791995028	0.5167636359183597	0.8378916741966215	0.9998219912180941	null	1.0	0.8714449842953518	low		1.0	1.0
NCOA2:chr1:2040000_chr1:2227386-2228299_distal_250kb		chr1:2227386-2228299	NCOA2:chr1:2040000		-0.034579983285772053	0.5012475917406646	0.945804288304277	0.9723883438463526	-1	-0.029783477327494423	0.5032267793562708	0.9534949274343896	0.9999455679334293	-1	-0.028777078589286353	0.5166391158248929	0.9555803679995086	0.9998219912180941	null	1.0	0.8714449842953518	low		1.0	1.0
NKTR:chr1:2045000_chr1:2227386-2228299_distal_250kb		chr1:2227386-2228299	NKTR:chr1:2045000		-0.034579983285772053	0.5012475917406646	0.945804288304277	0.9723883438463526	-1	0.01748512219513032	0.503454803250608	0.9726993620135417	0.9999455679334293	1	-0.003692838426188283	0.5177485465401895	0.9943091413710344	0.9998219912180941	null	1.0	0.8714449842953518	low		1.0	1.0
WIPF1:chr1:2050000_chr1:2227386-2228299_distal_250kb		chr1:2227386-2228299	WIPF1:chr1:2050000		-0.034579983285772053	0.5012475917406646	0.945804288304277	0.9723883438463526	-1	0.12500365732820018	0.5033474038752935	0.8068428676648707	0.9999455679334293	1	0.12515088202779345	0.5172032759490295	0.8087986069110298	0.9998219912180941	null	1.0	0.8714449842953518	low		1.0	1.0
STAG1:chr1:2055000_chr1:2227386-2228299_distal_250kb		chr1:2227386-2228299	STAG1:chr1:2055000		-0.034579983285772053	0.5012475917406646	0.945804288304277	0.9723883438463526	-1	-0.08469945109647614	0.5033294622422585	0.8683501301572781	0.9999455679334293	-1	-0.06615619500014636	0.5171193902486534	0.8982026686813354	0.9998219912180941	null	1.0	0.8714449842953518	low		1.0	1.0
MAP4K4:chr1:2060000_chr1:2227386-2228299_distal_250kb		chr1:2227386-2228299	MAP4K4:chr1:2060000		-0.034579983285772053	0.5012475917406646	0.945804288304277	0.9723883438463526	-1	-0.06471946211409263	0.5033266502405741	0.8991962428004725	0.9999455679334293	-1	-0.06375998662300597	0.5171167778152304	0.9018703249658835	0.9998219912180941	null	1.0	0.8714449842953518	low		1.0	1.0
CALM2:chr1:2065000_chr1:2227386-2228299_distal_250kb		chr1:2227386-2228299	CALM2:chr1:2065000		-0.034579983285772053	0.5012475917406646	0.945804288304277	0.9723883438463526	-1	-0.03135933915475486	0.5033740742878524	0.9510519089126348	0.9999455679334293	-1	-0.03457199941553779	0.5173447641074721	0.9467203505252783	0.9998219912180941	null	1.0	0.8714449842953518	low		1.0	1.0
PPP1R12A:chr1:2070000_chr1:2227386-2228299_distal_250kb		chr1:2227386-2228299	PPP1R12A:chr1:2070000		-0.034579983285772053	0.5012475917406646	0.945804288304277	0.9723883438463526	-1	-0.05499573587805506	0.503393789849451	0.9142834999433658	0.9999455679334293	-1	-0.05234349456959342	0.5174338993781491	0.9194236312427422	0.9998219912180941	null	1.0	0.8714449842953518	low		1.0	1.0
LUC7L3:chr1:2075000_chr1:2227386-2228299_distal_250kb		chr1:2227386-2228299	LUC7L3:chr1:2075000		-0.034579983285772053	0.5012475917406646	0.945804288304277	0.9723883438463526	-1	-0.03550402833258581	0.5034217476162854	0.9445984805317837	0.9999455679334293	-1	-0.04640261869041107	0.5175808400091149	0.9285630525655653	0.9998219912180941	null	1.0	0.8714449842953518	low		1.0	1.0
AOAH:chr1:2080000_chr1:2227386-2228299_distal_250kb		chr1:2227386-2228299	AOAH:chr1:2080000		-0.034579983285772053	0.5012475917406646	0.945804288304277	0.9723883438463526	-1	0.01048866052936237	0.5028177382893688	0.9836004044282998	0.9999455679334293	1	0.03835755799568841	0.5146841712111591	0.9405915360632349	0.9998219912180941	null	1.0	0.8714449842953518	low		1.0	1.0
COX7C:chr1:2085000_chr1:2227386-2228299_distal_250kb		chr1:2227386-2228299	COX7C:chr1:2085000		-0.034579983285772053	0.5012475917406646	0.945804288304277	0.9723883438463526	-1	-0.09698409177408529	0.5034148217698334	0.8495139152854598	0.9999455679334293	-1	-0.12184886166550979	0.5175721146927237	0.8138797139502578	0.9998219912180941	null	1.0	0.8714449842953518	low		1.0	1.0
NAP1L1:chr1:2090000_chr1:2227386-2228299_distal_250kb		chr1:2227386-2228299	NAP1L1:chr1:2090000		-0.034579983285772053	0.5012475917406646	0.945804288304277	0.9723883438463526	-1	-0.05283294950310535	0.503289267955255	0.9176240392943917	0.9999455679334293	-1	-0.0644717961118102	0.5169512793702128	0.9007488490375655	0.9998219912180941	null	1.0	0.8714449842953518	low		1.0	1.0
UBAC2:chr1:2095000_chr1:2227386-2228299_distal_250kb		chr1:2227386-2228299	UBAC2:chr1:2095000		-0.034579983285772053	0.5012475917406646	0.945804288304277	0.9723883438463526	-1	0.0863403325620774	0.503376436506027	0.8658381704431425	0.9999455679334293	1	0.06218505285119924	0.5173697470657229	0.9043289906706135	0.9998219912180941	null	1.0	0.8714449842953518	low		1.0	1.0
CHD2:chr1:2100000_chr1:2227386-2228299_distal_250kb		chr1:2227386-2228299	CHD2:chr1:2100000		-0.034579983285772053	0.5012475917406646	0.945804288304277	0.9723883438463526	-1	0.038473548504072586	0.5033862056066049	0.9399696992286108	0.9999455679334293	1	0.023771325215574346	0.517410334158958	0.9633557702852209	0.9998219912180941	null	1.0	0.8714449842953518	low		1.0	1.0
EIF4A1:chr1:2105000_chr1:2227386-2228299_distal_250kb		chr1:2227386-2228299	EIF4A1:chr1:2105000		-0.034579983285772053	0.5012475917406646	0.945804288304277	0.9723883438463526	-1	-0.03640498772268985	0.5033632509766521	0.943188568424191	0.9999455679334293	-1	-0.019109732382712852	0.5172770638301194	0.9705305067850883	0.9998219912180941	null	1.0	0.8714449842953518	low		1.0	1.0
EXOC4:chr1:2110000_chr1:2227386-2228299_distal_250kb		chr1:2227386-2228299	EXOC4:chr1:2110000		-0.034579983285772053	0.5012475917406646	0.945804288304277	0.9723883438463526	-1	0.007246730525216294	0.503277981521206	0.9886792463995212	0.9999455679334293	1	0.023806226861703195	0.5168720124234433	0.9632638123276507	0.9998219912180941	null	1.0	0.8714449842953518	low		1.0	1.0
LPP:chr1:2115000_chr1:2227386-2228299_distal_250kb		chr1:2227386-2228299	LPP:chr1:2115000		-0.034579983285772053	0.5012475917406646	0.945804288304277	0.9723883438463526	-1	-0.02988688287616903	0.5031404476461417	0.9533256692345538	0.9999455679334293	-1	-0.015388582946042062	0.5162192335053213	0.9762184481356865	0.9998219912180941	null	1.0	0.8714449842953518	low		1.0	1.0
DUSP1:chr1:2120000_chr1:2227386-2228299_distal_250kb		chr1:2227386-2228299	DUSP1:chr1:2120000		-0.034579983285772053	0.5012475917406646	0.945804288304277	0.9723883438463526	-1	0.09040437047007888	0.5030869577618083	0.8595131755578922	0.9999455679334293	1	0.12729761242747462	0.515963523637593	0.8051262894204485	0.9998219912180941	null	1.0	0.8714449842953518	low		1.0	1.0
LYZ:chr1:2125000_chr1:2227386-2228299_distal_250kb		chr1:2227386-2228299	LYZ:chr1:2125000		-0.034579983285772053	0.5012475917406646	0.945804288304277	0.9723883438463526	-1	0.17488646674676211	0.5028176816873249	0.7322500798862281	0.9999455679334293	1	0.2074267364945762	0.5146906201254621	0.6869390532116919	0.9998219912180941	null	1.0	0.8714449842953518	low		1.0	1.0
TOMM7:chr1:2130000_chr1:2227386-2228299_distal_250kb		chr1:2227386-2228299	TOMM7:chr1:2130000		-0.034579983285772053	0.5012475917406646	0.945804288304277	0.9723883438463526	-1	-0.11325736702157119	0.503342105207203	0.8246534454120305	0.9999455679334293	-1	-0.15064729806272426	0.5172403017241347	0.7708585572230882	0.9998219912180941	null	1.0	0.8714449842953518	low		1.0	1.0
OAZ1:chr1:2135000_chr1:2227386-2228299_distal_250kb		chr1:2227386-2228299	OAZ1:chr1:2135000		-0.034579983285772053	0.5012475917406646	0.945804288304277	0.9723883438463526	-1	-0.04755085443682305	0.5033239085132025	0.9258375080331662	0.9999455679334293	-1	-0.033063404538583696	0.5170909166086277	0.9490170606584782	0.9998219912180941	null	1.0	0.8714449842953518	low		1.0	1.0
PIAS1:chr1:2140000_chr1:2227386-2228299_distal_250kb		chr1:2227386-2228299	PIAS1:chr1:2140000		-0.034579983285772053	0.5012475917406646	0.945804288304277	0.9723883438463526	-1	0.08749651531129321	0.5033135850562944	0.864043744829246	0.9999455679334293	1	0.10289337495904816	0.5170357385804405	0.8422578079174783	0.9998219912180941	null	1.0	0.8714449842953518	low		1.0	1.0
RERE:chr1:2145000_chr1:2227386-2228299_distal_250kb		chr1:2227386-2228299	RERE:chr1:2145000		-0.034579983285772053	0.5012475917406646	0.945804288304277	0.9723883438463526	-1	0.15003012994245035	0.5032700355317935	0.7692315076243537	0.9999455679334293	1	0.13532823497633584	0.5168445794350361	0.7934483041867391	0.9998219912180941	null	1.0	0.8714449842953518	low		1.0	1.0
CD53:chr1:2150000_chr1:2227386-2228299_distal_250kb		chr1:2227386-2228299	CD53:chr1:2150000		-0.034579983285772053	0.5012475917406646	0.945804288304277	0.9723883438463526	-1	-0.07669006410045853	0.5034423482469281	0.88071890610219	0.9999455679334293	-1	-0.10559682522490221	0.5177201757517357	0.8383808052426909	0.9998219912180941	null	1.0	0.8714449842953518	low		1.0	1.0
HNRNPA1:chr1:2155000_chr1:2227386-2228299_distal_250kb		chr1:2227386-2228299	HNRNPA1:chr1:2155000		-0.034579983285772053	0.5012475917406646	0.945804288304277	0.9723883438463526	-1	-0.01740588869328985	0.5032667354066291	0.97281287045034	0.9999455679334293	-1	-0.04025211894431768	0.5168559062297642	0.9379244614948157	0.9998219912180941	null	1.0	0.8714449842953518	low		1.0	1.0
PACS1:chr1:2160000_chr1:2227386-2228299_distal_250kb		chr1:2227386-2228299	PACS1:chr1:2160000		-0.034579983285772053	0.5012475917406646	0.945804288304277	0.9723883438463526	-1	0.05504202550376003	0.5031912558076312	0.9141772722256181	0.9999455679334293	1	0.0012538308156443412	0.5165139509822749	0.998063147635723	0.9998219912180941	null	1.0	0.8714449842953518	low		1.0	1.0
NCOR1:chr1:2165000_chr1:2227386-2228299_distal_250kb		chr1:2227386-2228299	NCOR1:chr1:2165000		-0.034579983285772053	0.5012475917406646	0.945804288304277	0.9723883438463526	-1	-0.012452044721680267	0.5033549386165437	0.9805519310958444	0.9999455679334293	-1	-0.047929615497939615	0.5173162412590184	0.9261812121712052	0.9998219912180941	null	1.0	0.8714449842953518	low		1.0	1.0
FUS:chr1:2170000_chr1:2227386-2228299_distal_250kb		chr1:2227386-2228299	FUS:chr1:2170000		-0.034579983285772053	0.5012475917406646	0.945804288304277	0.9723883438463526	-1	-0.013237911935962021	0.5034145140797754	0.9793272711606382	0.9999455679334293	-1	-0.016744746109804476	0.51753568275352	0.9741891347825967	0.9998219912180941	null	1.0	0.8714449842953518	low		1.0	1.0
ACAP2:chr1:2175000_chr1:2227386-2228299_distal_250kb		chr1:2227386-2228299	ACAP2:chr1:2175000		-0.034579983285772053	0.5012475917406646	0.945804288304277	0.9723883438463526	-1	0.13387174287129733	0.5031874148636315	0.7934024304263068	0.9999455679334293	1	0.13915588869419326	0.5164401480442191	0.7875817887509177	0.9998219912180941	null	1.0	0.8714449842953518	low		1.0	1.0
STAT1:chr1:2180000_chr1:2227386-2228299_distal_250kb		chr1:2227386-2228299	STAT1:chr1:2180000		-0.034579983285772053	0.5012475917406646	0.945804288304277	0.9723883438463526	-1	0.08337348264185163	0.5031335291074118	0.8703411002452764	0.9999455679334293	1	0.10227349292231391	0.5161826706518474	0.8429399880349185	0.9998219912180941	null	1.0	0.8714449842953518	low		1.0	1.0
CCNL1:chr1:2185000_chr1:2227386-2228299_distal_250kb		chr1:2227386-2228299	CCNL1:chr1:2185000		-0.034579983285772053	0.5012475917406646	0.945804288304277	0.9723883438463526	-1	-0.045944706037602256	0.5032671958994593	0.9283269938253491	0.9999455679334293	-1	-0.042803250019634254	0.516830772390689	0.9339957038653091	0.9998219912180941	null	1.0	0.8714449842953518	low		1.0	1.0
TGFBR2:chr1:2190000_chr1:2227386-2228299_distal_250kb		chr1:2227386-2228299	TGFBR2:chr1:2190000		-0.034579983285772053	0.5012475917406646	0.945804288304277	0.9723883438463526	-1	0.06882924712762839	0.5032628824593864	0.8928224125113599	0.9999455679334293	1	0.015132309318040882	0.5168660954415325	0.9766436385280214	0.9998219912180941	null	1.0	0.8714449842953518	low		1.0	1.0
ITGA4:chr1:2195000_chr1:2227386-2228299_distal_250kb		chr1:2227386-2228299	ITGA4:chr1:2195000		-0.034579983285772053	0.5012475917406646	0.945804288304277	0.9723883438463526	-1	0.12603539591203095	0.50312026246917	0.8051973783189667	0.9999455679334293	1	0.13680013407935077	0.5161204016664767	0.7909673298942321	0.9998219912180941	null	1.0	0.8714449842953518	low		1.0	1.0
COX4I1:chr1:2200000_chr1:2227386-2228299_distal_250kb		chr1:2227386-2228299	COX4I1:chr1:2200000		-0.034579983285772053	0.5012475917406646	0.945804288304277	0.9723883438463526	-1	-0.046812487732122765	0.5033158126596041	0.9269843895672316	0.9999455679334293	-1	-0.04346893601739632	0.5170615512675797	0.933001435754327	0.9998219912180941	null	1.0	0.8714449842953518	low		1.0	1.0
IQGAP2:chr1:2205000_chr1:2227386-2228299_distal_250kb		chr1:2227386-2228299	IQGAP2:chr1:2205000		-0.034579983285772053	0.5012475917406646	0.945804288304277	0.9723883438463526	-1	0.03106501210291457	0.5031345791143553	0.9514876471984182	0.9999455679334293	1	0.022297401167922226	0.5162045976847721	0.965546177932189	0.9998219912180941	null	1.0	0.8714449842953518	low		1.0	1.0
SH3BGRL3:chr1:2210000_chr1:2227386-2228299_distal_250kb		chr1:2227386-2228299	SH3BGRL3:chr1:2210000		-0.034579983285772053	0.5012475917406646	0.945804288304277	0.9723883438463526	-1	-0.027478154004846322	0.5031645593054521	0.9570853030865107	0.9999455679334293	-1	-0.019998903440874516	0.5163376175017098	0.9691038829069519	0.9998219912180941	null	1.0	0.8714449842953518	low		1.0	1.0
PICALM:chr1:2215000_chr1:2227386-2228299_distal_250kb		chr1:2227386-2228299	PICALM:chr1:2215000		-0.034579983285772053	0.5012475917406646	0.945804288304277	0.9723883438463526	-1	0.04746879349431676	0.5030765343904987	0.9259288020926748	0.9999455679334293	1	0.0705535285501816	0.5159121497728262	0.8912245116035367	0.9998219912180941	null	1.0	0.8714449842953518	low		1.0	1.0
COP1:chr1:2220000_chr1:2227386-2228299_distal_250kb		chr1:2227386-2228299	COP1:chr1:2220000		-0.034579983285772053	0.5012475917406646	0.945804288304277	0.9723883438463526	-1	0.00012015946761800844	0.5031372106386265	0.99981222896533	0.9999455679334293	1	-0.001394686316723348	0.5162127333343679	0.9978443047728213	0.9998219912180941	null	1.0	0.8714449842953518	low		1.0	1.0
CHST11:chr1:2225000_chr1:2227386-2228299_distal_250kb		chr1:2227386-2228299	CHST11:chr1:2225000		-0.034579983285772053	0.5012475917406646	0.945804288304277	0.9723883438463526	-1	0.1239450217551038	0.5030960160417649	0.8083502118242809	0.9999455679334293	1	0.1225540724433366	0.5160106570319414	0.8122666020862599	0.9998219912180941	null	1.0	0.8714449842953518	low		1.0	1.0
PFDN5:chr1:2230000_chr1:2227386-2228299_distal_250kb		chr1:2227386-2228299	PFDN5:chr1:2230000		-0.034579983285772053	0.5012475917406646	0.945804288304277	0.9723883438463526	-1	-0.04658693902605715	0.5033772982434211	0.9273439725704019	0.9999455679334293	-1	-0.043020701710095643	0.5173541840595931	0.933728117526997	0.9998219912180941	null	1.0	0.8714449842953518	low		1.0	1.0
SRSF5:chr1:2235000_chr1:2227386-2228299_distal_250kb		chr1:2227386-2228299	SRSF5:chr1:2235000		-0.034579983285772053	0.5012475917406646	0.945804288304277	0.9723883438463526	-1	-0.20892111697633403	0.5034276692612117	0.6833341732161535	0.9999455679334293	-1	-0.22958616596146808	0.5176390151936227	0.6573855910668305	0.9998219912180941	null	1.0	0.8714449842953518	low		1.0	1.0
AKAP9:chr1:2240000_chr1:2227386-2228299_distal_250kb		chr1:2227386-2228299	AKAP9:chr1:2240000		-0.034579983285772053	0.5012475917406646	0.945804288304277	0.9723883438463526	-1	-0.037863519846624616	0.5033054057650714	0.9409101475221875	0.9999455679334293	-1	-0.04334374834501642	0.5170206784808346	0.9331886660655084	0.9998219912180941	null	1.0	0.8714449842953518	low		1.0	1.0
MYL12A:chr1:2245000_chr1:2227386-2228299_distal_250kb		chr1:2227386-2228299	MYL12A:chr1:2245000		-0.034579983285772053	0.5012475917406646	0.945804288304277	0.9723883438463526	-1	-0.14372306026434645	0.5032390852831368	0.7786381898492731	0.9999455679334293	-1	-0.1474088228924314	0.5167092788735983	0.7754266692750318	0.9998219912180941	null	1.0	0.8714449842953518	low		1.0	1.0
PIP4K2A:chr1:2250000_chr1:2227386-2228299_distal_250kb		chr1:2227386-2228299	PIP4K2A:chr1:2250000		-0.034579983285772053	0.5012475917406646	0.945804288304277	0.9723883438463526	-1	-0.09998282641446532	0.5032734660103123	0.8448813178526802	0.9999455679334293	-1	-0.1431595865720522	0.5169169798957316	0.7818193473223201	0.9998219912180941	null	1.0	0.8714449842953518	low		1.0	1.0
SCAF11:chr1:2255000_chr1:2227386-2228299_distal_250kb		chr1:2227386-2228299	SCAF11:chr1:2255000		-0.034579983285772053	0.5012475917406646	0.945804288304277	0.9723883438463526	-1	0.01468357778690843	0.5033464005951448	0.9770672175607982	0.9999455679334293	1	0.011152332548122645	0.5172110745296276	0.9827969954282342	0.9998219912180941	null	1.0	0.8714449842953518	low		1.0	1.0
TCF25:chr1:2260000_chr1:2227386-2228299_distal_250kb		chr1:2227386-2228299	TCF25:chr1:2260000		-0.034579983285772053	0.5012475917406646	0.945804288304277	0.9723883438463526	-1	0.03681192498016128	0.5034556407922306	0.9425652396033535	0.9999455679334293	1	0.029494550031237687	0.5177349180162409	0.9545703364233762	0.9998219912180941	null	1.0	0.8714449842953518	low		1.0	1.0
TBC1D5:chr1:2265000_chr1:2227386-2228299_distal_250kb		chr1:2227386-2228299	TBC1D5:chr1:2265000		-0.034579983285772053	0.5012475917406646	0.945804288304277	0.9723883438463526	-1	1.4527225499038496	0.502942067591917	0.010209365437712056	0.5787152782889806	1	1.4272115479647063	0.5152355194642873	0.005605323333552537	0.5792167444670955	null	1.0	0.8714449842953518	low		1.0	1.0
JUN:chr1:2270000_chr1:2227386-2228299_distal_250kb		chr1:2227386-2228299	JUN:chr1:2270000		-0.034579983285772053	0.5012475917406646	0.945804288304277	0.9723883438463526	-1	-0.10402972163723101	0.5029955910216194	0.8386071167177411	0.9999455679334293	-1	-0.1059327533169776	0.5155416037283705	0.8371982368065194	0.9998219912180941	null	1.0	0.8714449842953518	low		1.0	1.0
LAPTM5:chr1:2275000_chr1:2227386-2228299_distal_250kb		chr1:2227386-2228299	LAPTM5:chr1:2275000		-0.034579983285772053	0.5012475917406646	0.945804288304277	0.9723883438463526	-1	-0.009282967770186001	0.5033162533881977	0.9854997041304456	0.9999455679334293	-1	-0.003170524972387012	0.5170589756091293	0.995107527009747	0.9998219912180941	null	1.0	0.8714449842953518	low		1.0	1.0
EML4:chr1:2280000_chr1:2227386-2228299_distal_250kb		chr1:2227386-2228299	EML4:chr1:2280000		-0.034579983285772053	0.5012475917406646	0.945804288304277	0.9723883438463526	-1	-0.04492943771631941	0.5032311644201902	0.929901292317862	0.9999455679334293	-1	-0.0861497543443479	0.5167171956031885	0.8675863120158465	0.9998219912180941	null	1.0	0.8714449842953518	low		1.0	1.0
KANSL1:chr1:2285000_chr1:2227386-2228299_distal_250kb		chr1:2227386-2228299	KANSL1:chr1:2285000		-0.034579983285772053	0.5012475917406646	0.945804288304277	0.9723883438463526	-1	0.15357130526878116	0.5033495759965156	0.7639948154136685	0.9999455679334293	1	0.12105262199495559	0.5172422990270311	0.814958076349221	0.9998219912180941	null	1.0	0.8714449842953518	low		1.0	1.0
CTSS:chr1:2290000_chr1:2227386-2228299_distal_250kb		chr1:2227386-2228299	CTSS:chr1:2290000		-0.034579983285772053	0.5012475917406646	0.945804288304277	0.9723883438463526	-1	0.14082710997524683	0.5029939382255644	0.7828727956815352	0.9999455679334293	1	0.15896574164283772	0.5155188092210707	0.7578078815969457	0.9998219912180941	null	1.0	0.8714449842953518	low		1.0	1.0
VPS13C:chr1:2295000_chr1:2227386-2228299_distal_250kb		chr1:2227386-2228299	VPS13C:chr1:2295000		-0.034579983285772053	0.5012475917406646	0.945804288304277	0.9723883438463526	-1	-0.03929701727118107	0.5032948261168322	0.938676464002083	0.9999455679334293	-1	-0.0414776028335454	0.5169670004098036	0.936052268406691	0.9998219912180941	null	1.0	0.8714449842953518	low		1.0	1.0
NOP53:chr1:2300000_chr1:2227386-2228299_distal_250kb		chr1:2227386-2228299	NOP53:chr1:2300000		-0.034579983285772053	0.5012475917406646	0.945804288304277	0.9723883438463526	-1	-0.038494923951759685	0.5032618135101129	0.9399216004542887	0.9999455679334293	-1	-0.07227967368286325	0.5168529260046247	0.8887818825837824	0.9998219912180941	null	1.0	0.8714449842953518	low		1.0	1.0
TNFAIP8:chr1:2305000_chr1:2227386-2228299_distal_250kb		chr1:2227386-2228299	TNFAIP8:chr1:2305000		-0.034579983285772053	0.5012475917406646	0.945804288304277	0.9723883438463526	-1	-0.09416426512018672	0.5032184899655059	0.8537784914553225	0.9999455679334293	-1	-0.11362038212794856	0.5166220026235647	0.8259261162317253	0.9998219912180941	null	1.0	0.8714449842953518	low		1.0	1.0
IRF1:chr1:2310000_chr1:2227386-2228299_distal_250kb		chr1:2227386-2228299	IRF1:chr1:2310000		-0.034579983285772053	0.5012475917406646	0.945804288304277	0.9723883438463526	-1	0.13658768305620816	0.5031056147473226	0.7892842038857101	0.9999455679334293	1	0.13325567723828913	0.5160571367265233	0.7962380156133178	0.9998219912180941	null	1.0	0.8714449842953518	low		1.0	1.0
EEF2:chr1:2315000_chr1:2227386-2228299_distal_250kb		chr1:2227386-2228299	EEF2:chr1:2315000		-0.034579983285772053	0.5012475917406646	0.945804288304277	0.9723883438463526	-1	-0.1004501953153113	0.5033093078188605	0.8441772594519642	0.9999455679334293	-1	-0.12446669720115267	0.5170688457212933	0.809775307900011	0.9998219912180941	null	1.0	0.8714449842953518	low		1.0	1.0
TBC1D22A:chr1:2320000_chr1:2227386-2228299_distal_250kb		chr1:2227386-2228299	TBC1D22A:chr1:2320000		-0.034579983285772053	0.5012475917406646	0.945804288304277	0.9723883438463526	-1	-0.02703336690992153	0.5032033930926001	0.9577825023248355	0.9999455679334293	-1	-0.0004100197917180637	0.5165158280206299	0.9993666245847093	0.9998219912180941	null	1.0	0.8714449842953518	low		1.0	1.0
MBP:chr1:2325000_chr1:2227386-2228299_distal_250kb		chr1:2227386-2228299	MBP:chr1:2325000		-0.034579983285772053	0.5012475917406646	0.945804288304277	0.9723883438463526	-1	0.04948462102199669	0.5032259570164977	0.9228166184765841	0.9999455679334293	1	0.041517366567099034	0.5166391766783498	0.9359505663125043	0.9998219912180941	null	1.0	0.8714449842953518	low		1.0	1.0
ARPC1B:chr1:2330000_chr1:2227386-2228299_distal_250kb		chr1:2227386-2228299	ARPC1B:chr1:2330000		-0.034579983285772053	0.5012475917406646	0.945804288304277	0.9723883438463526	-1	-0.14266563092234164	0.5032724009446526	0.7802352644073928	0.9999455679334293	-1	-0.12727298974847612	0.5168496932886899	0.8054905804096928	0.9998219912180941	null	1.0	0.8714449842953518	low		1.0	1.0
ITM2B:chr1:2335000_chr1:2227386-2228299_distal_250kb		chr1:2227386-2228299	ITM2B:chr1:2335000		-0.034579983285772053	0.5012475917406646	0.945804288304277	0.9723883438463526	-1	-0.0465469536945895	0.5033942671061784	0.9274085845611327	0.9999455679334293	-1	-0.04395659886964287	0.517435785691513	0.9323004822229815	0.9998219912180941	null	1.0	0.8714449842953518	low		1.0	1.0
LCP1:chr1:2340000_chr1:2227386-2228299_distal_250kb		chr1:2227386-2228299	LCP1:chr1:2340000		-0.034579983285772053	0.5012475917406646	0.945804288304277	0.9723883438463526	-1	-0.026882488325747134	0.5031530961305497	0.9580136962129555	0.9999455679334293	-1	-0.011633022029998719	0.5162784502809176	0.9820232215497549	0.9998219912180941	null	1.0	0.8714449842953518	low		1.0	1.0
MYH9:chr1:2345000_chr1:2227386-2228299_distal_250kb		chr1:2227386-2228299	MYH9:chr1:2345000		-0.034579983285772053	0.5012475917406646	0.945804288304277	0.9723883438463526	-1	0.00434213190404209	0.5033596927067977	0.9932177168120432	0.9999455679334293	1	-0.013690251119884644	0.5172873892055354	0.9788860791509257	0.9998219912180941	null	1.0	0.8714449842953518	low		1.0	1.0
USP34:chr1:2350000_chr1:2227386-2228299_distal_250kb		chr1:2227386-2228299	USP34:chr1:2350000		-0.034579983285772053	0.5012475917406646	0.945804288304277	0.9723883438463526	-1	0.05388745490237057	0.5033814346932339	0.9160017724223661	0.9999455679334293	1	0.032600700799552906	0.5173919281609953	0.9497587946193115	0.9998219912180941	null	1.0	0.8714449842953518	low		1.0	1.0
PLCL2:chr1:2355000_chr1:2227386-2228299_distal_250kb		chr1:2227386-2228299	PLCL2:chr1:2355000		-0.034579983285772053	0.5012475917406646	0.945804288304277	0.9723883438463526	-1	-0.09283762345430535	0.5032431641363503	0.8558207570508666	0.9999455679334293	-1	-0.13490826361157016	0.5167754915525263	0.7940479480956276	0.9998219912180941	null	1.0	0.8714449842953518	low		1.0	1.0
HNRNPC:chr1:2360000_chr1:2227386-2228299_distal_250kb		chr1:2227386-2228299	HNRNPC:chr1:2360000		-0.034579983285772053	0.5012475917406646	0.945804288304277	0.9723883438463526	-1	-0.0040868555227209225	0.5033083830364379	0.9936157907402616	0.9999455679334293	-1	-0.009730082155581132	0.5170325440209966	0.9849854246288896	0.9998219912180941	null	1.0	0.8714449842953518	low		1.0	1.0
USP3:chr1:2365000_chr1:2227386-2228299_distal_250kb		chr1:2227386-2228299	USP3:chr1:2365000		-0.034579983285772053	0.5012475917406646	0.945804288304277	0.9723883438463526	-1	0.08759556763985632	0.5031729316111325	0.8638538261805709	0.9999455679334293	1	0.11111808900688802	0.5163685896458903	0.82961808165837	0.9998219912180941	null	1.0	0.8714449842953518	low		1.0	1.0
STK10:chr1:2370000_chr1:2227386-2228299_distal_250kb		chr1:2227386-2228299	STK10:chr1:2370000		-0.034579983285772053	0.5012475917406646	0.945804288304277	0.9723883438463526	-1	0.06674446582397986	0.5032927976653626	0.8960544699750208	0.9999455679334293	1	0.06783519087074263	0.5169470436372169	0.8955991330276698	0.9998219912180941	null	1.0	0.8714449842953518	low		1.0	1.0
YWHAZ:chr1:2375000_chr1:2227386-2228299_distal_250kb		chr1:2227386-2228299	YWHAZ:chr1:2375000		-0.034579983285772053	0.5012475917406646	0.945804288304277	0.9723883438463526	-1	-0.06865289265957664	0.5031993662923984	0.8930818174993549	0.9999455679334293	-1	-0.0645947193605162	0.5165074694489195	0.900475597484061	0.9998219912180941	null	1.0	0.8714449842953518	low		1.0	1.0
FAM49B:chr1:2380000_chr1:2227386-2228299_distal_250kb		chr1:2227386-2228299	FAM49B:chr1:2380000		-0.034579983285772053	0.5012475917406646	0.945804288304277	0.9723883438463526	-1	0.09594710494753067	0.5031014950117209	0.8510108056821967	0.9999455679334293	1	0.11422452492909674	0.5160288636367273	0.8248176035558479	0.9998219912180941	null	1.0	0.8714449842953518	low		1.0	1.0
SH3KBP1:chr1:2385000_chr1:2227386-2228299_distal_250kb		chr1:2227386-2228299	SH3KBP1:chr1:2385000		-0.034579983285772053	0.5012475917406646	0.945804288304277	0.9723883438463526	-1	0.18395596735069408	0.5032337899581816	0.7192112823619736	0.9999455679334293	1	0.20070149093222467	0.5166546799460286	0.6976730520208767	0.9998219912180941	null	1.0	0.8714449842953518	low		1.0	1.0
TAOK3:chr1:2390000_chr1:2227386-2228299_distal_250kb		chr1:2227386-2228299	TAOK3:chr1:2390000		-0.034579983285772053	0.5012475917406646	0.945804288304277	0.9723883438463526	-1	0.02225800989491178	0.5031646848395142	0.9652317141667063	0.9999455679334293	1	0.015698934412166077	0.5163467608163573	0.9757449667778063	0.9998219912180941	null	1.0	0.8714449842953518	low		1.0	1.0
EEF1B2:chr1:2395000_chr1:2227386-2228299_distal_250kb		chr1:2227386-2228299	EEF1B2:chr1:2395000		-0.034579983285772053	0.5012475917406646	0.945804288304277	0.9723883438463526	-1	-0.12481523399202132	0.5031838403182844	0.8070664184367657	0.9999455679334293	-1	-0.13282690609952164	0.5164466183712604	0.7970291134154838	0.9998219912180941	null	1.0	0.8714449842953518	low		1.0	1.0
CCND3:chr1:2400000_chr1:2227386-2228299_distal_250kb		chr1:2227386-2228299	CCND3:chr1:2400000		-0.034579983285772053	0.5012475917406646	0.945804288304277	0.9723883438463526	-1	-0.16476951068796597	0.5031444769555088	0.7473034890699521	0.9999455679334293	-1	-0.18618158063167012	0.5162733558073256	0.7183790713761866	0.9998219912180941	null	1.0	0.8714449842953518	low		1.0	1.0
PNISR:chr1:2405000_chr1:2227386-2228299_distal_250kb		chr1:2227386-2228299	PNISR:chr1:2405000		-0.034579983285772053	0.5012475917406646	0.945804288304277	0.9723883438463526	-1	0.0632327968623938	0.5033588286306228	0.9015050453326289	0.9999455679334293	1	0.06585557138355835	0.5172598964308657	0.8986901282546316	0.9998219912180941	null	1.0	0.8714449842953518	low		1.0	1.0
SRSF11:chr1:2410000_chr1:2227386-2228299_distal_250kb		chr1:2227386-2228299	SRSF11:chr1:2410000		-0.034579983285772053	0.5012475917406646	0.945804288304277	0.9723883438463526	-1	0.03272753960000441	0.5033417295897126	0.9489161551227535	0.9999455679334293	1	0.0380961864193019	0.5171782758671748	0.9412796435279186	0.9998219912180941	null	1.0	0.8714449842953518	low		1.0	1.0
VPS13B:chr1:2415000_chr1:2227386-2228299_distal_250kb		chr1:2227386-2228299	VPS13B:chr1:2415000		-0.034579983285772053	0.5012475917406646	0.945804288304277	0.9723883438463526	-1	0.028759804597302208	0.503226326616373	0.9550914149221518	0.9999455679334293	1	0.03131787770959937	0.5166321884029138	0.9516624086381853	0.9998219912180941	null	1.0	0.8714449842953518	low		1.0	1.0
PAN3:chr1:2420000_chr1:2227386-2228299_distal_250kb		chr1:2227386-2228299	PAN3:chr1:2420000		-0.034579983285772053	0.5012475917406646	0.945804288304277	0.9723883438463526	-1	0.04711674156379264	0.5031837953570413	0.9264920702994967	0.9999455679334293	1	0.0359168158114439	0.5164383772165103	0.9445541054801848	0.9998219912180941	null	1.0	0.8714449842953518	low		1.0	1.0
ASH1L:chr1:2425000_chr1:2227386-2228299_distal_250kb		chr1:2227386-2228299	ASH1L:chr1:2425000		-0.034579983285772053	0.5012475917406646	0.945804288304277	0.9723883438463526	-1	0.015311791774398231	0.5032538627019448	0.9760819922520725	0.9999455679334293	1	0.00011529364607021364	0.5167779837043439	0.9998219912180941	0.9998219912180941	null	1.0	0.8714449842953518	low		1.0	1.0
PPIA:chr1:2430000_chr1:2227386-2228299_distal_250kb		chr1:2227386-2228299	PPIA:chr1:2430000		-0.034579983285772053	0.5012475917406646	0.945804288304277	0.9723883438463526	-1	-0.2416992161100302	0.5032350773914792	0.6371426378666497	0.9999455679334293	-1	-0.2602541665302709	0.5167149690000991	0.6144928333883337	0.9998219912180941	null	1.0	0.8714449842953518	low		1.0	1.0
KLF6:chr1:2435000_chr1:2227386-2228299_distal_250kb		chr1:2227386-2228299	KLF6:chr1:2435000		-0.034579983285772053	0.5012475917406646	0.945804288304277	0.9723883438463526	-1	0.10903054816307789	0.5030137631290513	0.8309794553834067	0.9999455679334293	1	0.11901171060992932	0.5156152900486864	0.8174585766087924	0.9998219912180941	null	1.0	0.8714449842953518	low		1.0	1.0
RAP1B:chr1:2440000_chr1:2227386-2228299_distal_250kb		chr1:2227386-2228299	RAP1B:chr1:2440000		-0.034579983285772053	0.5012475917406646	0.945804288304277	0.9723883438463526	-1	-0.06754548778973435	0.5032377929502873	0.89480342018863	0.9999455679334293	-1	-0.07809942932914327	0.5167053474192052	0.8798582827035617	0.9998219912180941	null	1.0	0.8714449842953518	low		1.0	1.0
KMT2E:chr1:2445000_chr1:2227386-2228299_distal_250kb		chr1:2227386-2228299	KMT2E:chr1:2445000		-0.034579983285772053	0.5012475917406646	0.945804288304277	0.9723883438463526	-1	0.022306641090248713	0.503308199781519	0.9651657307752872	0.9999455679334293	1	0.0003034564754831326	0.5170491220337434	0.9995317210445861	0.9998219912180941	null	1.0	0.8714449842953518	low		1.0	1.0
SIK3:chr1:2450000_chr1:2227386-2228299_distal_250kb		chr1:2227386-2228299	SIK3:chr1:2450000		-0.034579983285772053	0.5012475917406646	0.945804288304277	0.9723883438463526	-1	0.09446854074244393	0.5030383791240663	0.8532599614694144	0.9999455679334293	1	0.09589277859495582	0.515736441305259	0.8524967635739391	0.9998219912180941	null	1.0	0.8714449842953518	low		1.0	1.0
AAK1:chr1:2455000_chr1:2227386-2228299_distal_250kb		chr1:2227386-2228299	AAK1:chr1:2455000		-0.034579983285772053	0.5012475917406646	0.945804288304277	0.9723883438463526	-1	-0.029981305843294836	0.5031611260100466	0.9531803151375673	0.9999455679334293	-1	-0.05079497966037183	0.516347582229601	0.9216356230664238	0.9998219912180941	null	1.0	0.8714449842953518	low		1.0	1.0
CAPZB:chr1:2460000_chr1:2227386-2228299_distal_250kb		chr1:2227386-2228299	CAPZB:chr1:2460000		-0.034579983285772053	0.5012475917406646	0.945804288304277	0.9723883438463526	-1	0.05215632208526344	0.503282865545791	0.9186739739950156	0.9999455679334293	1	0.043192351139997864	0.5169105165452558	0.9334073348836989	0.9998219912180941	null	1.0	0.8714449842953518	low		1.0	1.0
ATM:chr1:2465000_chr1:2227386-2228299_distal_250kb		chr1:2227386-2228299	ATM:chr1:2465000		-0.034579983285772053	0.5012475917406646	0.945804288304277	0.9723883438463526	-1	0.037967560038337234	0.5032048100699962	0.9407362863364719	0.9999455679334293	1	0.022805193349189068	0.516545125246548	0.964785260092727	0.9998219912180941	null	1.0	0.8714449842953518	low		1.0	1.0
ARID4B:chr1:2470000_chr1:2227386-2228299_distal_250kb		chr1:2227386-2228299	ARID4B:chr1:2470000		-0.034579983285772053	0.5012475917406646	0.945804288304277	0.9723883438463526	-1	-0.04851086633001733	0.5032740079941983	0.9243376051303092	0.9999455679334293	-1	-0.09622421097855105	0.5169363558486113	0.8523324295223556	0.9998219912180941	null	1.0	0.8714449842953518	low		1.0	1.0
PARP8:chr1:2475000_chr1:2227386-2228299_distal_250kb		chr1:2227386-2228299	PARP8:chr1:2475000		-0.034579983285772053	0.5012475917406646	0.945804288304277	0.9723883438463526	-1	-0.03216914410150151	0.5031383734048765	0.9497662125767783	0.9999455679334293	-1	-0.04812916758384489	0.5162332435816358	0.9257196993287292	0.9998219912180941	null	1.0	0.8714449842953518	low		1.0	1.0
RPL7:chr1:2995000_chr14:81220663-81221541_external		chr14:81220663-81221541	RPL7:chr1:2995000		1.441755814245265	0.5011427206554075	0.010461226169797213	0.024925852220150254	1	1.3253672527509461	0.5028071594973998	0.017339783619145486	0.5787152782889806	1	1.1420001552247745	1.6868867646396102	0.49841429846810115	0.9998219912180941	chromatin_primed	1.0	0.8714449842953518	low		0.010461226169797213	0.031182501083049388
XRN1:chr1:1575000_chr19:41859497-41860387_external		chr19:41859497-41860387	XRN1:chr1:1575000		1.5526338432202265	0.5011430002165461	0.006529881377712339	0.024925852220150254	1	1.5497517240963692	0.5030684943444621	0.0067805353410292	0.5787152782889806	1	1.6946915330276857	1.8415300448115244	0.35743546142399585	0.9998219912180941	chromatin_primed	1.0	0.8714449842953518	low		0.006529881377712339	0.025350739912447205
ANKRD44:chr1:3165000_chr16:9090972-9091894_external		chr16:9090972-9091894	ANKRD44:chr1:3165000		1.3311276032080497	0.5010975393416698	0.016617234813433503	0.024925852220150254	1	1.3553210420386321	0.5027841261073456	0.015314010193094136	0.5787152782889806	1	1.10587501968929	1.3654700395625576	0.41800571940711817	0.9998219912180941	chromatin_primed	1.0	0.8714449842953518	low		0.016617234813433503	0.04769761844596654
ARHGAP25:chr1:1305000_chr16:53502986-53503900_external		chr16:53502986-53503900	ARHGAP25:chr1:1305000		1.5773597413810534	0.5011222701687388	0.00587249357192599	0.024925852220150254	1	1.747133916676403	0.5032013612296563	0.0029155125414537615	0.5787152782889806	1	1.9350518916531567	1.519844147606041	0.2029502731037155	0.9998219912180941	chromatin_primed	1.0	0.8714449842953518	low		0.00587249357192599	0.025350739912447205
RACK1:chr1:2780000_chr8:25458286-25459168_external		chr8:25458286-25459168	RACK1:chr1:2780000		1.0656395950599182	0.5011091249261748	0.04840044324276964	0.06453392432369284	1	0.9934195520086699	0.5028970991394986	0.06468876847889973	0.9999455679334293	1	0.7913802448299259	1.4492555532086027	0.5850248093569907	0.9998219912180941	chromatin_primed	1.0	0.8714449842953518	low		0.04840044324276964	0.13765263674549164
CD44:chr1:2715000_chr19:10960416-10961319_external		chr19:10960416-10961319	CD44:chr1:2715000		1.0381902469711366	0.5011478043559444	0.05382983465098393	0.06459580158118072	1	1.0015520918070262	0.5028685773560787	0.06272255014702327	0.9999455679334293	1	1.0799345684288713	0.9791516829904042	0.2700580960685578	0.9998219912180941	chromatin_primed	1.0	0.8714449842953518	low		0.05382983465098393	0.15170226128913653
FNBP4:chr1:1425000_chr1:1307786-1308731_external		chr1:1307786-1308731	FNBP4:chr1:1425000		1.4929075886611107	0.5011409745848798	0.008422987777361491	0.024925852220150254	1	1.5699881451140412	0.5032045834504363	0.006231821471891367	0.5787152782889806	1	1.4049714286612804	1.0766548082650071	0.19191280388878673	0.9998219912180941	chromatin_primed	1.0	0.8714449842953518	low		0.008422987777361491	0.025350739912447205
UTRN:chr1:2905000_chr19:49495755-49496659_external		chr19:49495755-49496659	UTRN:chr1:2905000		1.362444216525094	0.5011560988774889	0.014596603822375534	0.024925852220150254	1	1.3937795982036199	0.5027741843175183	0.013046571455673592	0.5787152782889806	1	1.5223175496681005	1.8049252556530009	0.39899127012663416	0.9998219912180941	chromatin_primed	1.0	0.8714449842953518	low		0.014596603822375534	0.04228922602744314
TBC1D5:chr1:2265000_chr7:44082168-44083093_external		chr7:44082168-44083093	TBC1D5:chr1:2265000		1.3949955557416627	0.5011504037872431	0.012737591083510608	0.024925852220150254	1	1.4527225499038496	0.502942067591917	0.010209365437712056	0.5787152782889806	1	0.8681549074950863	1.9174517175145536	0.6507180136752124	0.9998219912180941	chromatin_primed	1.0	0.8714449842953518	low		0.012737591083510608	0.03760622129417417
BBX:chr1:1725000_chr4:152535836-152536698_external		chr4:152535836-152536698	BBX:chr1:1725000		1.381413345095852	0.5011665994743919	0.013485936020197728	0.024925852220150254	1	1.4159875173052585	0.503171227238052	0.011944772614114385	0.5787152782889806	1	1.1227529317703695	1.36851579007283	0.41197871364713634	0.9998219912180941	chromatin_primed	1.0	0.8714449842953518	low		0.013485936020197728	0.03944000156850279
